#,Domain (Purchased),Business Name,City,State,Primary Color,Swatch
1,chicopeegaragedoorpros.com,Chicopee Garage Door Pros,Chicopee,MA,#0F172A,
2,mesagaragedoorco.com,Mesa Garage Door Co,Mesa,AZ,#2563EB,
3,napervillegaragedoorpros.com,Naperville Garage Door Pros,Naperville,IL,#1D4ED8,
4,glendalegaragedoorco.com,Glendale Garage Door Co,Glendale,AZ,#3B82F6,
5,temeculagaragedoorpros.com,Temecula Garage Door Pros,Temecula,CA,#0EA5E9,
6,auroragaragedoorpros.com,Aurora Garage Door Pros,Aurora,CO,#0284C7,
7,wheatongaragedoorpros.com,Wheaton Garage Door Pros,Wheaton,IL,#06B6D4,
8,saginawgaragedoorpros.com,Saginaw Garage Door Pros,Saginaw,MI,#0891B2,
9,arlingtonheightsgaragedoorpros.com,Arlington Heights Garage Door Pros,Arlington Heights,IL,#14B8A6,
10,rochestergaragedoorpros.com,Rochester Garage Door Pros,Rochester,NY,#0D9488,
11,gohoustongaragedoor.com,Go Houston Garage Door,Houston,TX,#10B981,
12,charlottegaragedoorpros.com,Charlotte Garage Door Pros,Charlotte,NC,#059669,
13,rentongaragedoorpros.com,Renton Garage Door Pros,Renton,WA,#16A34A,
14,gilbertgaragedoorco.com,Gilbert Garage Door Co,Gilbert,AZ,#15803D,
15,allengaragedoorco.com,Allen Garage Door Co,Allen,TX,#22C55E,
16,skokiegaragedoorpros.com,Skokie Garage Door Pros,Skokie,IL,#65A30D,
17,kentgaragedoorco.com,Kent Garage Door Co,Kent,WA,#84CC16,
18,dallasdoorpros.com,Dallas Door Pros,Dallas,TX,#CA8A04,
19,ashlandgaragedoorpros.com,Ashland Garage Door Pros,Ashland,KY,#EAB308,
20,morgantowngaragedoorpros.com,Morgantown Garage Door Pros,Morgantown,WV,#F59E0B,
21,friscogaragedoorco.com,Frisco Garage Door Co,Frisco,TX,#D97706,
22,elgingaragedoorpros.com,Elgin Garage Door Pros,Elgin,IL,#EA580C,
23,columbiagaragedoorpros.com,Columbia Garage Door Pros,Columbia,MD,#F97316,
24,jerseycitygaragedoorpros.com,Jersey City Garage Door Pros,Jersey City,NJ,#DC2626,
25,boonegaragedoorpros.com,Boone Garage Door Pros,Boone,NC,#EF4444,
26,evanstongaragedoorpros.com,Evanston Garage Door Pros,Evanston,IL,#E11D48,
27,midlandgaragedoorpros.com,Midland Garage Door Pros,Midland,MI,#F43F5E,
28,coppellgaragedoorco.com,Coppell Garage Door Co,Coppell,TX,#DB2777,
29,delraybeachgaragedoorpros.com,Delray Beach Garage Door Pros,Delray Beach,FL,#EC4899,
30,bradentongaragedoorpros.com,Bradenton Garage Door Pros,Bradenton,FL,#C026D3,
31,sanantoniogaragedoorco.com,San Antonio Garage Door Co,San Antonio,TX,#D946EF,
32,thorntongaragedoorpros.com,Thornton Garage Door Pros,Thornton,CO,#9333EA,
33,huntingtonbeachgaragedoorpros.com,Huntington Beach Garage Door Pros,Huntington Beach,CA,#7C3AED,
34,schaumburggaragedoorpros.com,Schaumburg Garage Door Pros,Schaumburg,IL,#8B5CF6,
35,danvillegaragedoorpros.com,Danville Garage Door Pros,Danville,KY,#6366F1,
36,phoenixgaragedoorco.com,Phoenix Garage Door Co,Phoenix,AZ,#4F46E5,
37,virginiabeachgaragedoorpros.com,Virginia Beach Garage Door Pros,Virginia Beach,VA,#4338CA,
38,lasvegasgaragedoorpros.com,Las Vegas Garage Door Pros,Las Vegas,NV,#312E81,
39,parmagaragedoorpros.com,Parma Garage Door Pros,Parma,OH,#1E40AF,
40,searcygaragedoorpros.com,Searcy Garage Door Pros,Searcy,AR,#1E3A8A,
41,oldbridgegaragedoorpros.com,Old Bridge Garage Door Pros,Old Bridge,NJ,#0F766E,
42,danapointgaragedoorco.com,Dana Point Garage Door Co,Dana Point,CA,#115E59,
43,tomsrivergaragedoorpros.com,Toms River Garage Door Pros,Toms River,NJ,#166534,
44,fortworthgaragedoorco.com,Fort Worth Garage Door Co,Fort Worth,TX,#14532D,
45,longmontgaragedoorpros.com,Longmont Garage Door Pros,Longmont,CO,#365314,
46,manhattanbeachgaragedoorpros.com,Manhattan Beach Garage Door Pros,Manhattan Beach,CA,#3F6212,
47,youngstowngaragedoorpros.com,Youngstown Garage Door Pros,Youngstown,OH,#854D0E,
48,northbrookgaragedoorpros.com,Northbrook Garage Door Pros,Northbrook,IL,#92400E,
49,venicegaragedoorpros.com,Venice Garage Door Pros,Venice,FL,#78350F,
50,auburngaragedoorpros.com,Auburn Garage Door Pros,Auburn,WA,#7C2D12,
51,danvillegaragedoorco.com,Danville Garage Door Pros,Danville,IL,#9A3412,
52,chicagogaragedoorco.com,Chicago Garage Door Co,Chicago,IL,#991B1B,
53,minneapolisgaragedoorpros.com,Minneapolis Garage Door Pros,Minneapolis,MN,#7F1D1D,
54,murfreesborogaragedoorco.com,Murfreesboro Garage Door Co,Murfreesboro,TN,#881337,
55,mckinneygaragedoorco.com,McKinney Garage Door Co,McKinney,TX,#831843,
56,tampagaragedoorco.com,Tampa Garage Door Co,Tampa,FL,#701A75,
57,austingaragedoorguys.com,Austin Garage Door Guys,Austin,TX,#581C87,
58,burbankgaragedoorpros.com,Burbank Garage Door Pros,Burbank,CA,#4C1D95,
59,lovelandgaragedoorpros.com,Loveland Garage Door Pros,Loveland,CO,#3730A3,
60,humblegaragedoorpros.com,Humble Garage Door Pros,Humble,TX,#1E293B,
61,brownsvillegaragedoorpros.com,Brownsville Garage Door Pros,Brownsville,TX,#334155,
62,hesperiagaragedoorpros.com,Hesperia Garage Door Pros,Hesperia,CA,#475569,
63,portlandgaragedoorpros.com,Portland Garage Door Pros,Portland,OR,#64748B,
64,santamonicagaragedoorpros.com,Santa Monica Garage Door Pros,Santa Monica,CA,#0369A1,
65,springfieldgaragedoorpros.com,Springfield Garage Door Pros,Springfield,IL,#0052CC,
66,reynoldsburggaragedoorpros.com,Reynoldsburg Garage Door Pros,Reynoldsburg,OH,#0066FF,
67,verobeachgaragedoorpros.com,Vero Beach Garage Door Pros,Vero Beach,FL,#0077B6,
68,bonitaspringsgaragedoorpros.com,Bonita Springs Garage Door Pros,Bonita Springs,FL,#0096C7,
69,fentongaragedoorpros.com,Fenton Garage Door Pros,Fenton,MI,#00A6FB,
70,portorchardgaragedoorpros.com,Port Orchard Garage Door Pros,Port Orchard,WA,#00B4D8,
71,losangelesgaragedoorpros.com,Los Angeles Garage Door Pros,Los Angeles,CA,#00C2A8,
72,rockvillegaragedoorpros.com,Rockville Garage Door Pros,Rockville,MD,#00A86B,
73,seattlegaragedoorpros.com,Seattle Garage Door Pros,Seattle,WA,#009B77,
74,fortpiercegaragedoorpros.com,Fort Pierce Garage Door Pros,Fort Pierce,FL,#2E8B57,
75,elkgrovegaragedoorpros.com,Elk Grove Garage Door Pros,Elk Grove,CA,#3A86FF,
76,atlantagaragedoorpros.com,Atlanta Garage Door Pros,Atlanta,GA,#4361EE,
77,hickorygaragedoorpros.com,Hickory Garage Door Pros,Hickory,NC,#264653,
78,centennialgaragedoorpros.com,Centennial Garage Door Pros,Centennial,CO,#2A9D8F,
79,gurneegaragedoorpros.com,Gurnee Garage Door Pros,Gurnee,IL,#1B998B,
80,greenwoodvillagegaragedoorpros.com,Greenwood Village Garage Door Pros,Greenwood Village,CO,#5E60CE,
81,warrengaragedoorpros.com,Warren Garage Door Pros,Warren,OH,#3A0CA3,
82,puntagordagaragedoorpros.com,Punta Gorda Garage Door Pros,Punta Gorda,FL,#7209B7,
83,planogaragedoorpros.com,Plano Garage Door Pros,Plano,TX,#B5179E,
84,tucsongaragedoorpros.com,Tucson Garage Door Pros,Tucson,AZ,#F72585,
85,arlingtongaragedoorpros.com,Arlington Garage Door Pros,Arlington,TX,#E76F51,
86,westongaragedoorpros.com,Weston Garage Door Pros,Weston,FL,#FF6B35,
87,orlandogaragedoorpros.com,Orlando Garage Door Pros,Orlando,FL,#FB8500,
88,franklingaragedoorpros.com,Franklin Garage Door Pros,Franklin,TN,#F4A261,
89,redmondgaragedoorpros.com,Redmond Garage Door Pros,Redmond,WA,#2EC4B6,
90,provogaragedoorco.com,Provo Garage Door Co,Provo,UT,#06D6A0,
91,sandiegogaragedoorco.com,San Diego Garage Door Co,San Diego,CA,#118AB2,
92,duluthgaragedoorpros.com,Duluth Garage Door Pros,Duluth,MN,#073B4C,
93,muskegongaragedoorpros.com,Muskegon Garage Door Pros,Muskegon,MI,#386641,
94,kirklandgaragedoorpros.com,Kirkland Garage Door Pros,Kirkland,WA,#588157,
95,newarkgaragedoorpros.com,Newark Garage Door Pros,Newark,OH,#4CC9F0,
96,godenvergaragedoor.com,Go Denver Garage Door,Denver,CO,#5A189A,
97,raleighgaragedoorco.com,Raleigh Garage Door Co,Raleigh,NC,#0A9396,
98,oxnardgaragedoorpros.com,Oxnard Garage Door Pros,Oxnard,CA,#007F5F,
99,stillwatergaragedoorpros.com,Stillwater Garage Door Pros,Stillwater,MN,#1565C0,
100,foleygaragedoorpros.com,Foley Garage Door Pros,Foley,AL,#00897B,
101,ocalagaragedoorco.com,Ocala Garage Door Co,Ocala,FL,#0F172A,
102,lakeforestgaragedoorpros.com,Lake Forest Garage Door Pros,Lake Forest,CA,#2563EB,
103,downersgrovegaragedoorpros.com,Downers Grove Garage Door Pros,Downers Grove,IL,#3B82F6,
104,greatfallsgaragedoorpros.com,Great Falls Garage Door Pros,Great Falls,MT,#0EA5E9,
105,irvinggaragedoorpros.com,Irving Garage Door Pros,Irving,TX,#0284C7,
106,sachsegaragedoorpros.com,Sachse Garage Door Pros,Sachse,TX,#06B6D4,
107,chantillygaragedoorpros.com,Chantilly Garage Door Pros,Chantilly,VA,#0891B2,
108,restongaragedoorpros.com,Reston Garage Door Pros,Reston,VA,#14B8A6,
109,cookevillegaragedoorpros.com,Cookeville Garage Door Pros,Cookeville,TN,#0D9488,
110,parkergaragedoorpros.com,Parker Garage Door Pros,Parker,CO,#10B981,
111,paysongaragedoorpros.com,Payson Garage Door Pros,Payson,AZ,#059669,
112,hanfordgaragedoorpros.com,Hanford Garage Door Pros,Hanford,CA,#16A34A,
113,wilmettegaragedoorpros.com,Wilmette Garage Door Pros,Wilmette,IL,#15803D,
114,oaklawngaragedoorpros.com,Oak Lawn Garage Door Pros,Oak Lawn,IL,#22C55E,
115,albuquerquegaragedoorco.com,Albuquerque Garage Door Co,Albuquerque,NM,#65A30D,
116,enfieldgaragedoorpros.com,Enfield Garage Door Pros,Enfield,CT,#84CC16,
117,morristowngaragedoorpros.com,Morristown Garage Door Pros,Morristown,NJ,#CA8A04,
118,warnerrobinsgaragedoorpros.com,Warner Robins Garage Door Pros,Warner Robins,GA,#EAB308,
119,rosenberggaragedoorpros.com,Rosenberg Garage Door Pros,Rosenberg,TX,#F59E0B,
120,oshkoshgaragedoorpros.com,Oshkosh Garage Door Pros,Oshkosh,WI,#D97706,
121,mentorgaragedoorpros.com,Mentor Garage Door Pros,Mentor,OH,#EA580C,
122,boisedoorpros.com,Boise Door Pros,Boise,ID,#F97316,
123,yumagaragedoorpros.com,Yuma Garage Door Pros,Yuma,AZ,#DC2626,
124,odessagaragedoorco.com,Odessa Garage Door Co,Odessa,TX,#EF4444,
125,edisongaragedoorpros.com,Edison Garage Door Pros,Edison,NJ,#E11D48,
126,coloradospringsgaragedoorpros.com,Colorado Springs Garage Door Pros,Colorado Springs,CO,#F43F5E,
127,pearlandgaragedoorpros.com,Pearland Garage Door Pros,Pearland,TX,#EC4899,
128,englewoodgaragedoorpros.com,Englewood Garage Door Pros,Englewood,FL,#D946EF,
129,miamigaragedoorco.com,Miami Garage Door Co,Miami,FL,#9333EA,
130,dearborngaragedoorpros.com,Dearborn Garage Door Pros,Dearborn,MI,#7C3AED,
131,rockfordgaragedoorco.com,Rockford Garage Door Co,Rockford,IL,#6366F1,
132,hurstgaragedoorpros.com,Hurst Garage Door Pros,Hurst,TX,#4F46E5,
133,bismarckgaragedoorpros.com,Bismarck Garage Door Pros,Bismarck,ND,#4338CA,
134,libertygaragedoorco.com,Liberty Garage Door Co,Liberty,MO,#312E81,
135,oakparkgaragedoorpros.com,Oak Park Garage Door Pros,Oak Park,IL,#1E40AF,
136,pasadenagaragedoorpros.com,Pasadena Garage Door Pros,Pasadena,CA,#1E3A8A,
137,kansascitygaragedoorpros.com,Kansas City Garage Door Pros,Kansas City,MO,#0F766E,
138,garlandgaragedoorpros.com,Garland Garage Door Pros,Garland,TX,#115E59,
139,thousandoaksgaragedoorco.com,Thousand Oaks Garage Door Co,Thousand Oaks,CA,#166534,
140,fortlauderdalegaragedoorpros.com,Fort Lauderdale Garage Door Pros,Fort Lauderdale,FL,#14532D,
141,greenvillegaragedoorpros.com,Greenville Garage Door Pros,Greenville,NC,#365314,
142,daviegaragedoorpros.com,Davie Garage Door Pros,Davie,FL,#3F6212,
143,southavengaragedoorpros.com,Southaven Garage Door Pros,Southaven,MS,#854D0E,
144,cherryhillgaragedoorpros.com,Cherry Hill Garage Door Pros,Cherry Hill,NJ,#92400E,
145,hamiltongaragedoorpros.com,Hamilton Garage Door Pros,Hamilton,OH,#78350F,
146,palatinegaragedoorpros.com,Palatine Garage Door Pros,Palatine,IL,#7C2D12,
147,cottonwoodgaragedoorpros.com,Cottonwood Garage Door Pros,Cottonwood,AZ,#9A3412,
148,waynegaragedoorpros.com,Wayne Garage Door Pros,Wayne,NJ,#991B1B,
149,strongsvillegaragedoorpros.com,Strongsville Garage Door Pros,Strongsville,OH,#7F1D1D,
150,spanishforkgaragedoorpros.com,Spanish Fork Garage Door Pros,Spanish Fork,UT,#881337,
151,martinsburggaragedoorpros.com,Martinsburg Garage Door Pros,Martinsburg,WV,#831843,
152,marysvillegaragedoorpros.com,Marysville Garage Door Pros,Marysville,WA,#701A75,
153,matthewsgaragedoorpros.com,Matthews Garage Door Pros,Matthews,NC,#581C87,
154,lincolnwoodgaragedoorpros.com,Lincolnwood Garage Door Pros,Lincolnwood,IL,#4C1D95,
155,prospergaragedoorpros.com,Prosper Garage Door Pros,Prosper,TX,#3730A3,
156,glenviewgaragedoorpros.com,Glenview Garage Door Pros,Glenview,IL,#1E293B,
157,tiftongaragedoorpros.com,Tifton Garage Door Pros,Tifton,GA,#334155,
158,florencegaragedoorpros.com,Florence Garage Door Pros,Florence,SC,#475569,
159,louisvillegaragedoorpros.com,Louisville Garage Door Pros,Louisville,KY,#64748B,
160,fayettevillegaragedoorpros.com,Fayetteville Garage Door Pros,Fayetteville,NC,#0369A1,
161,cedarparkgaragedoorpros.com,Cedar Park Garage Door Pros,Cedar Park,TX,#0052CC,
162,olympiagaragedoorpros.com,Olympia Garage Door Pros,Olympia,WA,#0066FF,
163,tallahasseegaragedoorpros.com,Tallahassee Garage Door Pros,Tallahassee,FL,#00A6FB,
164,sacramentogaragedoorpros.com,Sacramento Garage Door Pros,Sacramento,CA,#00B4D8,
165,sanjosegaragedoorpros.com,San Jose Garage Door Pros,San Jose,CA,#00A86B,
166,fortwaltonbeachgaragedoorpros.com,Fort Walton Beach Garage Door Pros,Fort Walton Beach,FL,#009B77,
167,naplesgaragedoorco.com,Naples Garage Door Co,Naples,FL,#3A86FF,
168,mundeleingaragedoorpros.com,Mundelein Garage Door Pros,Mundelein,IL,#4361EE,
169,forestlakegaragedoorpros.com,Forest Lake Garage Door Pros,Forest Lake,MN,#264653,
170,lawtongaragedoorpros.com,Lawton Garage Door Pros,Lawton,OK,#2A9D8F,
171,clawsongaragedoorpros.com,Clawson Garage Door Pros,Clawson,MI,#1B998B,
172,lakeoswegogaragedoorpros.com,Lake Oswego Garage Door Pros,Lake Oswego,OR,#5E60CE,
173,flowermoundgaragedoorpros.com,Flower Mound Garage Door Pros,Flower Mound,TX,#3A0CA3,
174,redoakgaragedoorpros.com,Red Oak Garage Door Pros,Red Oak,TX,#7209B7,
175,victoriagaragedoorpros.com,Victoria Garage Door Pros,Victoria,TX,#F72585,
176,fonddulacgaragedoorpros.com,Fond du Lac Garage Door Pros,Fond du Lac,WI,#E76F51,
177,pekingaragedoorpros.com,Pekin Garage Door Pros,Pekin,IL,#FF6B35,
178,costamesagaragedoorpros.com,Costa Mesa Garage Door Pros,Costa Mesa,CA,#FB8500,
179,mansfieldgaragedoorpros.com,Mansfield Garage Door Pros,Mansfield,OH,#F4A261,
180,cincinnatigaragedoorpros.com,Cincinnati Garage Door Pros,Cincinnati,OH,#2EC4B6,
181,tukwilagaragedoorpros.com,Tukwila Garage Door Pros,Tukwila,WA,#06D6A0,
182,nashvillegaragedoorpros.com,Nashville Garage Door Pros,Nashville,TN,#118AB2,
183,grandrapidsgaragedoorpros.com,Grand Rapids Garage Door Pros,Grand Rapids,MI,#073B4C,
184,shreveportgaragedoorpros.com,Shreveport Garage Door Pros,Shreveport,LA,#386641,
185,elpasogaragedoorco.com,El Paso Garage Door Co,El Paso,TX,#588157,
186,peoriagaragedoorpros.com,Peoria Garage Door Pros,Peoria,AZ,#4CC9F0,
187,winterhavengaragedoorpros.com,Winter Haven Garage Door Pros,Winter Haven,FL,#5A189A,
188,beaumontgaragedoorpros.com,Beaumont Garage Door Pros,Beaumont,TX,#0A9396,
189,waxahachiegaragedoorpros.com,Waxahachie Garage Door Pros,Waxahachie,TX,#007F5F,
190,hollywoodgaragedoorco.com,Hollywood Garage Door Co,Hollywood,FL,#1565C0,
191,saltlakecitygaragedoorpros.com,Salt Lake City Garage Door Pros,Salt Lake City,UT,#00897B,
192,saintpaulgaragedoorpros.com,Saint Paul Garage Door Pros,Saint Paul,MN,#0F172A,
193,omahagaragedoorco.com,Omaha Garage Door Co,Omaha,NE,#2563EB,
194,bloomingtongaragedoorpros.com,Bloomington Garage Door Pros,Bloomington,MN,#1D4ED8,
195,oklahomacitygaragedoorpros.com,Oklahoma City Garage Door Pros,Oklahoma City,OK,#3B82F6,
196,oswegogaragedoorpros.com,Oswego Garage Door Pros,Oswego,IL,#0EA5E9,
197,bossiercitygaragedoorpros.com,Bossier City Garage Door Pros,Bossier City,LA,#0284C7,
198,freeportgaragedoorpros.com,Freeport Garage Door Pros,Freeport,IL,#0891B2,
199,bolingbrookgaragedoorpros.com,Bolingbrook Garage Door Pros,Bolingbrook,IL,#0D9488,
200,lonetreegaragedoorpros.com,Lone Tree Garage Door Pros,Lone Tree,CO,#059669,
201,harlingengaragedoorpros.com,Harlingen Garage Door Pros,Harlingen,TX,#16A34A,
202,webstergaragedoorpros.com,Webster Garage Door Pros,Webster,TX,#15803D,
203,crossvillegaragedoorpros.com,Crossville Garage Door Pros,Crossville,TN,#22C55E,
204,lakestevensgaragedoorpros.com,Lake Stevens Garage Door Pros,Lake Stevens,WA,#65A30D,
205,waukegangaragedoorpros.com,Waukegan Garage Door Pros,Waukegan,IL,#84CC16,
206,northridgevillegaragedoorpros.com,North Ridgeville Garage Door Pros,North Ridgeville,OH,#CA8A04,
207,newarkgaragedoorco.com,Newark Garage Door Pros,Newark,DE,#EAB308,
208,beckleygaragedoorpros.com,Beckley Garage Door Pros,Beckley,WV,#D97706,
209,mesquitegaragedoorpros.com,Mesquite Garage Door Pros,Mesquite,NV,#EA580C,
210,wyckoffgaragedoorpros.com,Wyckoff Garage Door Pros,Wyckoff,NJ,#F97316,
211,milwaukeegaragedoorpros.com,Milwaukee Garage Door Pros,Milwaukee,WI,#DC2626,
212,carrolltongaragedoorpros.com,Carrollton Garage Door Pros,Carrollton,TX,#E11D48,
213,barringtongaragedoorpros.com,Barrington Garage Door Pros,Barrington,IL,#F43F5E,
214,bluespringsgaragedoorpros.com,Blue Springs Garage Door Pros,Blue Springs,MO,#DB2777,
215,sanangelogaragedoorpros.com,San Angelo Garage Door Pros,San Angelo,TX,#C026D3,
216,livermoregaragedoorpros.com,Livermore Garage Door Pros,Livermore,CA,#D946EF,
217,viennagaragedoorpros.com,Vienna Garage Door Pros,Vienna,VA,#9333EA,
218,charlestongaragedoorpros.com,Charleston Garage Door Pros,Charleston,WV,#7C3AED,
219,sedonagaragedoorpros.com,Sedona Garage Door Pros,Sedona,AZ,#8B5CF6,
220,encinitasgaragedoorpros.com,Encinitas Garage Door Pros,Encinitas,CA,#6366F1,
221,fremontgaragedoorpros.com,Fremont Garage Door Pros,Fremont,CA,#4F46E5,
222,issaquahgaragedoorpros.com,Issaquah Garage Door Pros,Issaquah,WA,#4338CA,
223,lincolngaragedoorco.com,Lincoln Garage Door Co,Lincoln,NE,#312E81,
224,clevelandgaragedoorco.com,Cleveland Garage Door Co,Cleveland,OH,#1E3A8A,
225,santaclaritagaragedoorco.com,Santa Clarita Garage Door Co,Santa Clarita,CA,#0F766E,
226,cypressgaragedoorpros.com,Cypress Garage Door Pros,Cypress,TX,#166534,
227,sarasotagaragedoorpros.com,Sarasota Garage Door Pros,Sarasota,FL,#365314,
228,ashburngaragedoorpros.com,Ashburn Garage Door Pros,Ashburn,VA,#3F6212,
229,coronagaragedoorpros.com,Corona Garage Door Pros,Corona,CA,#854D0E,
230,stlouisgaragedoorpros.com,St. Louis Garage Door Pros,St. Louis,MO,#92400E,
231,richardsongaragedoorpros.com,Richardson Garage Door Pros,Richardson,TX,#78350F,
232,edenprairiegaragedoorpros.com,Eden Prairie Garage Door Pros,Eden Prairie,MN,#7C2D12,
233,lexingtongaragedoorpros.com,Lexington Garage Door Pros,Lexington,KY,#9A3412,
234,carrolltongaragedoorco.com,Carrollton Garage Door Pros,Carrollton,GA,#991B1B,
235,katygaragedoorpros.com,Katy Garage Door Pros,Katy,TX,#7F1D1D,
236,petalumagaragedoorpros.com,Petaluma Garage Door Pros,Petaluma,CA,#881337,
237,cantongaragedoorpros.com,Canton Garage Door Pros,Canton,MI,#831843,
238,livoniagaragedoorpros.com,Livonia Garage Door Pros,Livonia,MI,#701A75,
239,hugogaragedoorpros.com,Hugo Garage Door Pros,Hugo,MN,#581C87,
240,sanmarcosgaragedoorpros.com,San Marcos Garage Door Pros,San Marcos,TX,#4C1D95,
241,cheyennegaragedoorpros.com,Cheyenne Garage Door Pros,Cheyenne,WY,#3730A3,
242,abilenegaragedoorpros.com,Abilene Garage Door Pros,Abilene,TX,#475569,
243,oremgaragedoorpros.com,Orem Garage Door Pros,Orem,UT,#64748B,
244,wenatcheegaragedoorpros.com,Wenatchee Garage Door Pros,Wenatchee,WA,#0369A1,
245,lodigaragedoorpros.com,Lodi Garage Door Pros,Lodi,CA,#0052CC,
246,jacksonvillegaragedoorco.com,Jacksonville Garage Door Co,Jacksonville,FL,#0066FF,
247,mortongrovegaragedoorpros.com,Morton Grove Garage Door Pros,Morton Grove,IL,#0077B6,
248,pittsburghgaragedoorpros.com,Pittsburgh Garage Door Pros,Pittsburgh,PA,#0096C7,
249,arvadagaragedoorpros.com,Arvada Garage Door Pros,Arvada,CO,#00A6FB,
250,tracygaragedoorpros.com,Tracy Garage Door Pros,Tracy,CA,#009B77,
251,idahofallsgaragedoorpros.com,Idaho Falls Garage Door Pros,Idaho Falls,ID,#2E8B57,
252,renogaragedoorpros.com,Reno Garage Door Pros,Reno,NV,#3A86FF,
253,lascrucesgaragedoorpros.com,Las Cruces Garage Door Pros,Las Cruces,NM,#4361EE,
254,weatherfordgaragedoorpros.com,Weatherford Garage Door Pros,Weatherford,TX,#264653,
255,madisongaragedoorco.com,Madison Garage Door Co,Madison,WI,#2A9D8F,
256,philadelphiagaragedoorpros.com,Philadelphia Garage Door Pros,Philadelphia,PA,#1B998B,
257,fresnogaragedoorco.com,Fresno Garage Door Co,Fresno,CA,#5E60CE,
258,lawrencevillegaragedoorpros.com,Lawrenceville Garage Door Pros,Lawrenceville,GA,#3A0CA3,
259,shakopeegaragedoorpros.com,Shakopee Garage Door Pros,Shakopee,MN,#7209B7,
260,conroegaragedoorpros.com,Conroe Garage Door Pros,Conroe,TX,#FF6B35,
261,shermangaragedoorpros.com,Sherman Garage Door Pros,Sherman,TX,#FB8500,
262,fontanagaragedoorpros.com,Fontana Garage Door Pros,Fontana,CA,#F4A261,
263,rocklingaragedoorpros.com,Rocklin Garage Door Pros,Rocklin,CA,#2EC4B6,
264,gainesvillegaragedoorpros.com,Gainesville Garage Door Pros,Gainesville,GA,#06D6A0,
265,tulsagaragedoorco.com,Tulsa Garage Door Co,Tulsa,OK,#118AB2,
266,plantcitygaragedoorpros.com,Plant City Garage Door Pros,Plant City,FL,#073B4C,
267,overlandparkgaragedoorpros.com,Overland Park Garage Door Pros,Overland Park,KS,#386641,
268,haywardgaragedoorpros.com,Hayward Garage Door Pros,Hayward,CA,#588157,
269,southlakegaragedoorpros.com,Southlake Garage Door Pros,Southlake,TX,#4CC9F0,
270,gaithersburggaragedoorpros.com,Gaithersburg Garage Door Pros,Gaithersburg,MD,#5A189A,
271,santamariagaragedoorpros.com,Santa Maria Garage Door Pros,Santa Maria,CA,#0A9396,
272,tempegaragedoorpros.com,Tempe Garage Door Pros,Tempe,AZ,#007F5F,
273,rochestergaragedoorco.com,Rochester Garage Door Pros,Rochester,MN,#00897B,
274,carlsbadgaragedoorpros.com,Carlsbad Garage Door Pros,Carlsbad,CA,#0F172A,
275,broomfieldgaragedoorpros.com,Broomfield Garage Door Pros,Broomfield,CO,#2563EB,
276,navarregaragedoorpros.com,Navarre Garage Door Pros,Navarre,FL,#1D4ED8,
277,pleasantongaragedoorpros.com,Pleasanton Garage Door Pros,Pleasanton,CA,#3B82F6,
278,paducahgaragedoorpros.com,Paducah Garage Door Pros,Paducah,KY,#0EA5E9,
279,rochesterhillsgaragedoorpros.com,Rochester Hills Garage Door Pros,Rochester Hills,MI,#0284C7,
280,hendersonvillegaragedoorpros.com,Hendersonville Garage Door Pros,Hendersonville,NC,#06B6D4,
281,westbendgaragedoorpros.com,West Bend Garage Door Pros,West Bend,WI,#0891B2,
282,caspergaragedoorpros.com,Casper Garage Door Pros,Casper,WY,#14B8A6,
283,rockwallgaragedoorpros.com,Rockwall Garage Door Pros,Rockwall,TX,#0D9488,
284,texascitygaragedoorpros.com,Texas City Garage Door Pros,Texas City,TX,#059669,
285,hilliardgaragedoorpros.com,Hilliard Garage Door Pros,Hilliard,OH,#16A34A,
286,springfieldgaragedoorco.com,Springfield Garage Door Pros,Springfield,MA,#15803D,
287,prescottvalleygaragedoorpros.com,Prescott Valley Garage Door Pros,Prescott Valley,AZ,#22C55E,
288,coopercitygaragedoorpros.com,Cooper City Garage Door Pros,Cooper City,FL,#65A30D,
289,cicerogaragedoorpros.com,Cicero Garage Door Pros,Cicero,IL,#CA8A04,
290,richmondgaragedoorpros.com,Richmond Garage Door Pros,Richmond,VA,#EAB308,
291,paradisegaragedoorpros.com,Paradise Garage Door Pros,Paradise,CA,#F59E0B,
292,loganvillegaragedoorpros.com,Loganville Garage Door Pros,Loganville,GA,#D97706,
293,newportricheygaragedoorpros.com,New Port Richey Garage Door Pros,New Port Richey,FL,#EA580C,
294,lawrencegaragedoorpros.com,Lawrence Garage Door Pros,Lawrence,KS,#F97316,
295,ypsilantigaragedoorpros.com,Ypsilanti Garage Door Pros,Ypsilanti,MI,#DC2626,
296,yakimagaragedoorpros.com,Yakima Garage Door Pros,Yakima,WA,#EF4444,
297,escondidogaragedoorpros.com,Escondido Garage Door Pros,Escondido,CA,#E11D48,
298,cantongaragedoorco.com,Canton Garage Door Pros,Canton,GA,#F43F5E,
299,forneygaragedoorpros.com,Forney Garage Door Pros,Forney,TX,#9333EA,
300,celinagaragedoorpros.com,Celina Garage Door Pros,Celina,TX,#7C3AED,
301,bellevuegaragedoorpros.com,Bellevue Garage Door Pros,Bellevue,WA,#8B5CF6,
302,sanfranciscogaragedoorpros.com,San Francisco Garage Door Pros,San Francisco,CA,#4338CA,
303,springhillgaragedoorpros.com,Spring Hill Garage Door Pros,Spring Hill,FL,#312E81,
304,lansinggaragedoorpros.com,Lansing Garage Door Pros,Lansing,MI,#1E40AF,
305,bakersfieldgaragedoorpros.com,Bakersfield Garage Door Pros,Bakersfield,CA,#14532D,
306,portcharlottegaragedoorpros.com,Port Charlotte Garage Door Pros,Port Charlotte,FL,#854D0E,
307,brightongaragedoorpros.com,Brighton Garage Door Pros,Brighton,CO,#92400E,
308,thevillagesgaragedoorpros.com,The Villages Garage Door Pros,The Villages,FL,#7C2D12,
309,middletowngaragedoorpros.com,Middletown Garage Door Pros,Middletown,NJ,#9A3412,
310,chaskagaragedoorpros.com,Chaska Garage Door Pros,Chaska,MN,#991B1B,
311,kansascitygaragedoorco.com,Kansas City Garage Door Pros,Kansas City,KS,#7F1D1D,
312,sunprairiegaragedoorpros.com,Sun Prairie Garage Door Pros,Sun Prairie,WI,#881337,
313,porthurongaragedoorpros.com,Port Huron Garage Door Pros,Port Huron,MI,#581C87,
314,duncanvillegaragedoorpros.com,Duncanville Garage Door Pros,Duncanville,TX,#64748B,
315,glendaledoorpros.com,Glendale Garage Door Co,Glendale,CA,#0066FF,
316,lubbockgaragedoorco.com,Lubbock Garage Door Co,Lubbock,TX,#0077B6,
317,daytongaragedoorco.com,Dayton Garage Door Co,Dayton,OH,#0096C7,
318,bocaratongaragedoorpros.com,Boca Raton Garage Door Pros,Boca Raton,FL,#00B4D8,
319,annapolisgaragedoorpros.com,Annapolis Garage Door Pros,Annapolis,MD,#00C2A8,
320,annarborgaragedoorpros.com,Ann Arbor Garage Door Pros,Ann Arbor,MI,#00A86B,
321,myrtlebeachgaragedoorpros.com,Myrtle Beach Garage Door Pros,Myrtle Beach,SC,#009B77,
322,bostongaragedoorpros.com,Boston Garage Door Pros,Boston,MA,#2E8B57,
323,pensacolagaragedoorpros.com,Pensacola Garage Door Pros,Pensacola,FL,#4361EE,
324,huntersvillegaragedoorpros.com,Huntersville Garage Door Pros,Huntersville,NC,#2A9D8F,
325,lenexagaragedoorpros.com,Lenexa Garage Door Pros,Lenexa,KS,#1B998B,
326,williamsburggaragedoorpros.com,Williamsburg Garage Door Pros,Williamsburg,VA,#5E60CE,
327,lagrangegaragedoorpros.com,LaGrange Garage Door Pros,LaGrange,GA,#7209B7,
328,warrendoorpros.com,Warren Garage Door Pros,Warren,MI,#B5179E,
329,orangegaragedoorpros.com,Orange Garage Door Pros,Orange,CA,#F72585,
330,buffalogrovegaragedoorpros.com,Buffalo Grove Garage Door Pros,Buffalo Grove,IL,#E76F51,
331,federalwaygaragedoorpros.com,Federal Way Garage Door Pros,Federal Way,WA,#FF6B35,
332,bellinghamgaragedoorpros.com,Bellingham Garage Door Pros,Bellingham,WA,#FB8500,
333,danvilledoorpros.com,Danville Garage Door Pros,Danville,CA,#06D6A0,
334,greenvillegaragedoorco.com,Greenville Garage Door Pros,Greenville,SC,#118AB2,
335,corpuschristigaragedoorco.com,Corpus Christi Garage Door Co,Corpus Christi,TX,#073B4C,
336,wichitagaragedoorpros.com,Wichita Garage Door Pros,Wichita,KS,#588157,
337,vernonhillsgaragedoorpros.com,Vernon Hills Garage Door Pros,Vernon Hills,IL,#4CC9F0,
338,daphnegaragedoorpros.com,Daphne Garage Door Pros,Daphne,AL,#5A189A,
339,marquettegaragedoorpros.com,Marquette Garage Door Pros,Marquette,MI,#0A9396,
340,westminstergaragedoorpros.com,Westminster Garage Door Pros,Westminster,MD,#007F5F,
341,bellevillegaragedoorpros.com,Belleville Garage Door Pros,Belleville,IL,#1565C0,
342,rosemountgaragedoorpros.com,Rosemount Garage Door Pros,Rosemount,MN,#2563EB,
343,florissantgaragedoorpros.com,Florissant Garage Door Pros,Florissant,MO,#1D4ED8,
344,crestviewgaragedoorpros.com,Crestview Garage Door Pros,Crestview,FL,#3B82F6,
345,largogaragedoorpros.com,Largo Garage Door Pros,Largo,FL,#0EA5E9,
346,freeholdgaragedoorpros.com,Freehold Garage Door Pros,Freehold,NJ,#0284C7,
347,elyriagaragedoorpros.com,Elyria Garage Door Pros,Elyria,OH,#06B6D4,
348,parsippanygaragedoorpros.com,Parsippany Garage Door Pros,Parsippany,NJ,#0891B2,
349,hollyspringsgaragedoorpros.com,Holly Springs Garage Door Pros,Holly Springs,NC,#14B8A6,
350,spokanegaragedoorco.com,Spokane Garage Door Co,Spokane,WA,#0D9488,
351,stillwatergaragedoorco.com,Stillwater Garage Door Pros,Stillwater,OK,#10B981,
352,newportnewsgaragedoorpros.com,Newport News Garage Door Pros,Newport News,VA,#059669,
353,washingtongaragedoorpros.com,Washington Garage Door Pros,Washington,PA,#16A34A,
354,laurelgaragedoorpros.com,Laurel Garage Door Pros,Laurel,MD,#15803D,
355,bransongaragedoorpros.com,Branson Garage Door Pros,Branson,MO,#22C55E,
356,longviewgaragedoorpros.com,Longview Garage Door Pros,Longview,WA,#CA8A04,
357,huntingtongaragedoorpros.com,Huntington Garage Door Pros,Huntington,WV,#EAB308,
358,bullheadcitygaragedoorpros.com,Bullhead City Garage Door Pros,Bullhead City,AZ,#F59E0B,
359,morganhillgaragedoorpros.com,Morgan Hill Garage Door Pros,Morgan Hill,CA,#D97706,
360,novatogaragedoorpros.com,Novato Garage Door Pros,Novato,CA,#EA580C,
361,hutchinsongaragedoorpros.com,Hutchinson Garage Door Pros,Hutchinson,KS,#DC2626,
362,georgetowngaragedoorpros.com,Georgetown Garage Door Pros,Georgetown,KY,#EF4444,
363,sterlingheightsgaragedoorpros.com,Sterling Heights Garage Door Pros,Sterling Heights,MI,#E11D48,
364,madisondoorpros.com,Madison Garage Door Co,Madison,MS,#F43F5E,
365,minotgaragedoorpros.com,Minot Garage Door Pros,Minot,ND,#DB2777,
366,memphisgaragedoorco.com,Memphis Garage Door Co,Memphis,TN,#EC4899,
367,pomonagaragedoorpros.com,Pomona Garage Door Pros,Pomona,CA,#C026D3,
368,norridgegaragedoorpros.com,Norridge Garage Door Pros,Norridge,IL,#D946EF,
369,hoffmanestatesgaragedoorpros.com,Hoffman Estates Garage Door Pros,Hoffman Estates,IL,#9333EA,
370,springvalleygaragedoorpros.com,Spring Valley Garage Door Pros,Spring Valley,CA,#8B5CF6,
371,addisongaragedoorpros.com,Addison Garage Door Pros,Addison,TX,#6366F1,
372,hallandalebeachgaragedoorpros.com,Hallandale Beach Garage Door Pros,Hallandale Beach,FL,#4F46E5,
373,miramargaragedoorpros.com,Miramar Garage Door Pros,Miramar,FL,#4338CA,
374,alpharettagaragedoorpros.com,Alpharetta Garage Door Pros,Alpharetta,GA,#312E81,
375,wilmingtongaragedoorpros.com,Wilmington Garage Door Pros,Wilmington,NC,#1E40AF,
376,anaheimgaragedoorpros.com,Anaheim Garage Door Pros,Anaheim,CA,#365314,
377,mariettagaragedoorco.com,Marietta Garage Door Co,Marietta,GA,#3F6212,
378,springfielddoorpros.com,Springfield Garage Door Pros,Springfield,MO,#854D0E,
379,longbeachgaragedoorpros.com,Long Beach Garage Door Pros,Long Beach,CA,#92400E,
380,greensborogaragedoorpros.com,Greensboro Garage Door Pros,Greensboro,NC,#78350F,
381,huntsvillegaragedoorpros.com,Huntsville Garage Door Pros,Huntsville,AL,#7C2D12,
382,decaturgaragedoorpros.com,Decatur Garage Door Pros,Decatur,GA,#9A3412,
383,fortmillgaragedoorpros.com,Fort Mill Garage Door Pros,Fort Mill,SC,#991B1B,
384,bowiegaragedoorpros.com,Bowie Garage Door Pros,Bowie,MD,#7F1D1D,
385,tacomagaragedoorco.com,Tacoma Garage Door Co,Tacoma,WA,#881337,
386,melbournegaragedoorpros.com,Melbourne Garage Door Pros,Melbourne,FL,#831843,
387,sanfordgaragedoorpros.com,Sanford Garage Door Pros,Sanford,FL,#581C87,
388,battlecreekgaragedoorpros.com,Battle Creek Garage Door Pros,Battle Creek,MI,#4C1D95,
389,springgaragedoorco.com,Spring Garage Door Co,Spring,TX,#0369A1,
390,mcdonoughgaragedoorpros.com,McDonough Garage Door Pros,McDonough,GA,#0052CC,
391,capecoralgaragedoorpros.com,Cape Coral Garage Door Pros,Cape Coral,FL,#00C2A8,
392,simivalleygaragedoorpros.com,Simi Valley Garage Door Pros,Simi Valley,CA,#2E8B57,
393,greenbaygaragedoorco.com,Green Bay Garage Door Co,Green Bay,WI,#3A86FF,
394,toledogaragedoorpros.com,Toledo Garage Door Pros,Toledo,OH,#4361EE,
395,bothellgaragedoorpros.com,Bothell Garage Door Pros,Bothell,WA,#264653,
396,charlestongaragedoorco.com,Charleston Garage Door Pros,Charleston,SC,#2A9D8F,
397,littlerockgaragedoorpros.com,Little Rock Garage Door Pros,Little Rock,AR,#1B998B,
398,desmoinesgaragedoorco.com,Des Moines Garage Door Co,Des Moines,IA,#5E60CE,
399,silverspringgaragedoorpros.com,Silver Spring Garage Door Pros,Silver Spring,MD,#3A0CA3,
400,knoxvillegaragedoorpros.com,Knoxville Garage Door Pros,Knoxville,TN,#7209B7,
401,roanokegaragedoorpros.com,Roanoke Garage Door Pros,Roanoke,VA,#B5179E,
402,yubacitygaragedoorpros.com,Yuba City Garage Door Pros,Yuba City,CA,#E76F51,
403,laquintagaragedoorpros.com,La Quinta Garage Door Pros,La Quinta,CA,#FF6B35,
404,johnscreekgaragedoorpros.com,Johns Creek Garage Door Pros,Johns Creek,GA,#FB8500,
405,mankatogaragedoorpros.com,Mankato Garage Door Pros,Mankato,MN,#F4A261,
406,homesteadgaragedoorpros.com,Homestead Garage Door Pros,Homestead,FL,#2EC4B6,
407,batonrougegaragedoorpros.com,Baton Rouge Garage Door Pros,Baton Rouge,LA,#06D6A0,
408,griffingaragedoorpros.com,Griffin Garage Door Pros,Griffin,GA,#118AB2,
409,rapidcitygaragedoorpros.com,Rapid City Garage Door Pros,Rapid City,SD,#073B4C,
410,peoriagaragedoorco.com,Peoria Garage Door Pros,Peoria,IL,#386641,
411,arlingtongaragedoorco.com,Arlington Garage Door Pros,Arlington,VA,#588157,
412,herndongaragedoorpros.com,Herndon Garage Door Pros,Herndon,VA,#4CC9F0,
413,killeengaragedoorpros.com,Killeen Garage Door Pros,Killeen,TX,#5A189A,
414,kenoshagaragedoorpros.com,Kenosha Garage Door Pros,Kenosha,WI,#0A9396,
415,orovalleygaragedoorpros.com,Oro Valley Garage Door Pros,Oro Valley,AZ,#1565C0,
416,newtongaragedoorpros.com,Newton Garage Door Pros,Newton,MA,#00897B,
417,waldorfgaragedoorpros.com,Waldorf Garage Door Pros,Waldorf,MD,#0F172A,
418,highpointgaragedoorpros.com,High Point Garage Door Pros,High Point,NC,#2563EB,
419,massillongaragedoorpros.com,Massillon Garage Door Pros,Massillon,OH,#1D4ED8,
420,yorbalindagaragedoorpros.com,Yorba Linda Garage Door Pros,Yorba Linda,CA,#0284C7,
421,woodinvillegaragedoorpros.com,Woodinville Garage Door Pros,Woodinville,WA,#06B6D4,
422,carygaragedoorpros.com,Cary Garage Door Pros,Cary,NC,#0891B2,
423,vancouvergaragedoorco.com,Vancouver Garage Door Co,Vancouver,WA,#14B8A6,
424,fortcollinsgaragedoorpros.com,Fort Collins Garage Door Pros,Fort Collins,CO,#0D9488,
425,delandgaragedoorpros.com,DeLand Garage Door Pros,DeLand,FL,#10B981,
426,morenovalleygaragedoorpros.com,Moreno Valley Garage Door Pros,Moreno Valley,CA,#059669,
427,ankenygaragedoorpros.com,Ankeny Garage Door Pros,Ankeny,IA,#16A34A,
428,jeffersongaragedoorpros.com,Jefferson Garage Door Pros,Jefferson,GA,#15803D,
429,buffalogaragedoorpros.com,Buffalo Garage Door Pros,Buffalo,NY,#22C55E,
430,terrellgaragedoorpros.com,Terrell Garage Door Pros,Terrell,TX,#65A30D,
431,molinegaragedoorpros.com,Moline Garage Door Pros,Moline,IL,#EAB308,
432,nashuagaragedoorpros.com,Nashua Garage Door Pros,Nashua,NH,#F59E0B,
433,kennewickgaragedoorpros.com,Kennewick Garage Door Pros,Kennewick,WA,#D97706,
434,columbiagaragedoorco.com,Columbia Garage Door Pros,Columbia,SC,#EA580C,
435,grassvalleygaragedoorpros.com,Grass Valley Garage Door Pros,Grass Valley,CA,#F97316,
436,dunwoodygaragedoorco.com,Dunwoody Garage Door Co,Dunwoody,GA,#DC2626,
437,whittiergaragedoorpros.com,Whittier Garage Door Pros,Whittier,CA,#EF4444,
438,sunrisegaragedoorco.com,Sunrise Garage Door Co,Sunrise,FL,#E11D48,
439,sammamishgaragedoorco.com,Sammamish Garage Door Co,Sammamish,WA,#F43F5E,
440,northrichlandhillsgaragedoorco.com,North Richland Hills Garage Door Co,North Richland Hills,TX,#8B5CF6,
441,menifeegaragedoorpros.com,Menifee Garage Door Pros,Menifee,CA,#312E81,
442,birminghamgaragedoorpros.com,Birmingham Garage Door Pros,Birmingham,AL,#1E40AF,
443,troygaragedoorpros.com,Troy Garage Door Pros,Troy,MI,#1E3A8A,
444,irvinegaragedoorpros.com,Irvine Garage Door Pros,Irvine,CA,#78350F,
445,brandongaragedoorpros.com,Brandon Garage Door Pros,Brandon,FL,#9A3412,
446,augustagaragedoorco.com,Augusta Garage Door Co,Augusta,GA,#7F1D1D,
447,modestogaragedoorpros.com,Modesto Garage Door Pros,Modesto,CA,#831843,
448,lakelandgaragedoorco.com,Lakeland Garage Door Co,Lakeland,FL,#4C1D95,
449,alexandriagaragedoorpros.com,Alexandria Garage Door Pros,Alexandria,VA,#3730A3,
450,stocktongaragedoorco.com,Stockton Garage Door Co,Stockton,CA,#1E293B,
451,vacavillegaragedoorpros.com,Vacaville Garage Door Pros,Vacaville,CA,#334155,
452,bufordgaragedoorpros.com,Buford Garage Door Pros,Buford,GA,#475569,
453,covingtongaragedoorpros.com,Covington Garage Door Pros,Covington,GA,#64748B,
454,richmondgaragedoorco.com,Richmond Garage Door Pros,Richmond,KY,#0369A1,
455,burlingtongaragedoorpros.com,Burlington Garage Door Pros,Burlington,NC,#0052CC,
456,centervillegaragedoorpros.com,Centerville Garage Door Pros,Centerville,OH,#0077B6,
457,smyrnagaragedoorpros.com,Smyrna Garage Door Pros,Smyrna,TN,#0096C7,
458,friendswoodgaragedoorpros.com,Friendswood Garage Door Pros,Friendswood,TX,#00A6FB,
459,statesborogaragedoorpros.com,Statesboro Garage Door Pros,Statesboro,GA,#00B4D8,
460,kingsportgaragedoorpros.com,Kingsport Garage Door Pros,Kingsport,TN,#00C2A8,
461,fullertongaragedoorpros.com,Fullerton Garage Door Pros,Fullerton,CA,#4361EE,
462,deerfieldgaragedoorpros.com,Deerfield Garage Door Pros,Deerfield,IL,#264653,
463,meridiangaragedoorco.com,Meridian Garage Door Co,Meridian,ID,#2A9D8F,
464,rioranchogaragedoorpros.com,Rio Rancho Garage Door Pros,Rio Rancho,NM,#1B998B,
465,alvingaragedoorpros.com,Alvin Garage Door Pros,Alvin,TX,#5E60CE,
466,smyrnagaragedoorco.com,Smyrna Garage Door Pros,Smyrna,GA,#B5179E,
467,baytowngaragedoorpros.com,Baytown Garage Door Pros,Baytown,TX,#F4A261,
468,blainegaragedoorpros.com,Blaine Garage Door Pros,Blaine,MN,#2EC4B6,
469,northportgaragedoorpros.com,North Port Garage Door Pros,North Port,FL,#06D6A0,
470,castlerockgaragedoorpros.com,Castle Rock Garage Door Pros,Castle Rock,CO,#118AB2,
471,winstonsalemgaragedoorpros.com,Winston-Salem Garage Door Pros,Winston-Salem,NC,#073B4C,
472,baltimoregaragedoorpros.com,Baltimore Garage Door Pros,Baltimore,MD,#386641,
473,campbellgaragedoorpros.com,Campbell Garage Door Pros,Campbell,CA,#4CC9F0,
474,antiochgaragedoorpros.com,Antioch Garage Door Pros,Antioch,CA,#5A189A,
475,aventuragaragedoorpros.com,Aventura Garage Door Pros,Aventura,FL,#0A9396,
476,southlaketahoegaragedoorpros.com,South Lake Tahoe Garage Door Pros,South Lake Tahoe,CA,#1565C0,
477,dekalbgaragedoorpros.com,DeKalb Garage Door Pros,DeKalb,IL,#00897B,
478,hinesvillegaragedoorpros.com,Hinesville Garage Door Pros,Hinesville,GA,#0F172A,
479,lakecharlesgaragedoorpros.com,Lake Charles Garage Door Pros,Lake Charles,LA,#2563EB,
480,jeffersoncitygaragedoorpros.com,Jefferson City Garage Door Pros,Jefferson City,MO,#3B82F6,
481,hudsongaragedoorpros.com,Hudson Garage Door Pros,Hudson,MA,#0EA5E9,
482,arnoldgaragedoorpros.com,Arnold Garage Door Pros,Arnold,MO,#0284C7,
483,monroevillegaragedoorpros.com,Monroeville Garage Door Pros,Monroeville,PA,#06B6D4,
484,northlasvegasgaragedoorpros.com,North Las Vegas Garage Door Pros,North Las Vegas,NV,#0891B2,
485,lakejacksongaragedoorpros.com,Lake Jackson Garage Door Pros,Lake Jackson,TX,#14B8A6,
486,laredogaragedoorpros.com,Laredo Garage Door Pros,Laredo,TX,#84CC16,
487,hudsongaragedoorco.com,Hudson Garage Door Pros,Hudson,WI,#CA8A04,
488,walthamgaragedoorpros.com,Waltham Garage Door Pros,Waltham,MA,#EAB308,
489,vallejogaragedoorpros.com,Vallejo Garage Door Pros,Vallejo,CA,#DC2626,
490,lakecitygaragedoorpros.com,Lake City Garage Door Pros,Lake City,FL,#EF4444,
491,nicevillegaragedoorpros.com,Niceville Garage Door Pros,Niceville,FL,#F43F5E,
492,daltongaragedoorpros.com,Dalton Garage Door Pros,Dalton,GA,#DB2777,
493,olivebranchgaragedoorpros.com,Olive Branch Garage Door Pros,Olive Branch,MS,#EC4899,
494,manchestergaragedoorco.com,Manchester Garage Door Co,Manchester,NH,#C026D3,
495,santafespringsgaragedoorpros.com,Santa Fe Springs Garage Door Pros,Santa Fe Springs,CA,#9333EA,
496,annagaragedoorpros.com,Anna Garage Door Pros,Anna,TX,#4338CA,
497,azlegaragedoorpros.com,Azle Garage Door Pros,Azle,TX,#312E81,
498,rowlettgaragedoorpros.com,Rowlett Garage Door Pros,Rowlett,TX,#1E40AF,
499,shorelinegaragedoorpros.com,Shoreline Garage Door Pros,Shoreline,WA,#1E3A8A,
500,lakeforestgaragedoorco.com,Lake Forest Garage Door Pros,Lake Forest,IL,#0F766E,
501,rosevillegaragedoorpros.com,Roseville Garage Door Pros,Roseville,CA,#7C2D12,
502,burnsvillegaragedoorpros.com,Burnsville Garage Door Pros,Burnsville,MN,#9A3412,
503,hendersongaragedoorpros.com,Henderson Garage Door Pros,Henderson,NV,#991B1B,
504,maplewoodgaragedoorpros.com,Maplewood Garage Door Pros,Maplewood,MN,#881337,
505,durhamgaragedoorco.com,Durham Garage Door Co,Durham,NC,#831843,
506,chandlergaragedoorco.com,Chandler Garage Door Co,Chandler,AZ,#701A75,
507,siouxfallsgaragedoorco.com,Sioux Falls Garage Door Co,Sioux Falls,SD,#581C87,
508,amarillogaragedoorco.com,Amarillo Garage Door Co,Amarillo,TX,#0066FF,
509,edmondgaragedoorpros.com,Edmond Garage Door Pros,Edmond,OK,#0077B6,
510,appletongaragedoorpros.com,Appleton Garage Door Pros,Appleton,WI,#0096C7,
511,clarksvillegaragedoorpros.com,Clarksville Garage Door Pros,Clarksville,TN,#00A6FB,
512,centrevillegaragedoorpros.com,Centreville Garage Door Pros,Centreville,VA,#00B4D8,
513,fortmyersgaragedoorpros.com,Fort Myers Garage Door Pros,Fort Myers,FL,#00A86B,
514,landolakesgaragedoorpros.com,Land O' Lakes Garage Door Pros,Land O' Lakes,FL,#264653,
515,normangaragedoorpros.com,Norman Garage Door Pros,Norman,OK,#1B998B,
516,newbraunfelsgaragedoorpros.com,New Braunfels Garage Door Pros,New Braunfels,TX,#2EC4B6,
517,coralspringsgaragedoorpros.com,Coral Springs Garage Door Pros,Coral Springs,FL,#118AB2,
518,santaanagaragedoorpros.com,Santa Ana Garage Door Pros,Santa Ana,CA,#073B4C,
519,mobilegaragedoorco.com,Mobile Garage Door Co,Mobile,AL,#386641,
520,lombardgaragedoorpros.com,Lombard Garage Door Pros,Lombard,IL,#588157,
521,redlandsgaragedoorpros.com,Redlands Garage Door Pros,Redlands,CA,#00897B,
522,grandjunctiongaragedoorpros.com,Grand Junction Garage Door Pros,Grand Junction,CO,#0F172A,
523,cottagegrovegaragedoorpros.com,Cottage Grove Garage Door Pros,Cottage Grove,MN,#3B82F6,
524,portsaintluciegaragedoorpros.com,Port Saint Lucie Garage Door Pros,Port Saint Lucie,FL,#0284C7,
525,fargogaragedoorpros.com,Fargo Garage Door Pros,Fargo,ND,#06B6D4,
526,lafayettegaragedoorpros.com,Lafayette Garage Door Pros,Lafayette,LA,#0891B2,
527,garnergaragedoorpros.com,Garner Garage Door Pros,Garner,NC,#0D9488,
528,hopkinsgaragedoorpros.com,Hopkins Garage Door Pros,Hopkins,MN,#10B981,
529,independencegaragedoorpros.com,Independence Garage Door Pros,Independence,MO,#059669,
530,springhillgaragedoorco.com,Spring Hill Garage Door Pros,Spring Hill,TN,#16A34A,
531,hamptongaragedoorpros.com,Hampton Garage Door Pros,Hampton,VA,#15803D,
532,lincolndoorpros.com,Lincoln Garage Door Co,Lincoln,CA,#22C55E,
533,salinasgaragedoorpros.com,Salinas Garage Door Pros,Salinas,CA,#65A30D,
534,downeygaragedoorpros.com,Downey Garage Door Pros,Downey,CA,#84CC16,
535,lagunaniguelgaragedoorpros.com,Laguna Niguel Garage Door Pros,Laguna Niguel,CA,#CA8A04,
536,sandimasgaragedoorpros.com,San Dimas Garage Door Pros,San Dimas,CA,#EAB308,
537,elcajongaragedoorpros.com,El Cajon Garage Door Pros,El Cajon,CA,#F43F5E,
538,tustingaragedoorpros.com,Tustin Garage Door Pros,Tustin,CA,#DB2777,
539,athensgaragedoorpros.com,Athens Garage Door Pros,Athens,GA,#EC4899,
540,lancastergaragedoorpros.com,Lancaster Garage Door Pros,Lancaster,PA,#C026D3,
541,applevalleygaragedoorpros.com,Apple Valley Garage Door Pros,Apple Valley,MN,#D946EF,
542,frederickgaragedoorpros.com,Frederick Garage Door Pros,Frederick,MD,#9333EA,
543,puyallupgaragedoorpros.com,Puyallup Garage Door Pros,Puyallup,WA,#7C3AED,
544,gainesvillegaragedoorco.com,Gainesville Garage Door Pros,Gainesville,FL,#8B5CF6,
545,macongaragedoorpros.com,Macon Garage Door Pros,Macon,GA,#6366F1,
546,hartfordgaragedoorpros.com,Hartford Garage Door Pros,Hartford,CT,#4F46E5,
547,columbusgaragedoorco.com,Columbus Garage Door Co,Columbus,GA,#4338CA,
548,columbiagaragedoorguys.com,Columbia Garage Door Pros,Columbia,MO,#1E40AF,
549,syracusegaragedoorpros.com,Syracuse Garage Door Pros,Syracuse,NY,#1E3A8A,
550,savannahgaragedoorpros.com,Savannah Garage Door Pros,Savannah,GA,#0F766E,
551,scottsdalegaragedoorpros.com,Scottsdale Garage Door Pros,Scottsdale,AZ,#115E59,
552,surprisegaragedoorco.com,Surprise Garage Door Co,Surprise,AZ,#166534,
553,bristolgaragedoorpros.com,Bristol Garage Door Pros,Bristol,CT,#14532D,
554,sanrafaelgaragedoorpros.com,San Rafael Garage Door Pros,San Rafael,CA,#9A3412,
555,chinogaragedoorco.com,Chino Garage Door Co,Chino,CA,#991B1B,
556,esterogaragedoorpros.com,Estero Garage Door Pros,Estero,FL,#7F1D1D,
557,portorangegaragedoorpros.com,Port Orange Garage Door Pros,Port Orange,FL,#881337,
558,bloomingtongaragedoorco.com,Bloomington Garage Door Pros,Bloomington,IL,#831843,
559,kankakeegaragedoorpros.com,Kankakee Garage Door Pros,Kankakee,IL,#701A75,
560,mchenrygaragedoorpros.com,McHenry Garage Door Pros,McHenry,IL,#581C87,
561,riverdalegaragedoorpros.com,Riverdale Garage Door Pros,Riverdale,GA,#4C1D95,
562,slidellgaragedoorpros.com,Slidell Garage Door Pros,Slidell,LA,#3730A3,
563,monroegaragedoorpros.com,Monroe Garage Door Pros,Monroe,LA,#1E293B,
564,middletowngaragedoorco.com,Middletown Garage Door Pros,Middletown,DE,#334155,
565,albanygaragedoorpros.com,Albany Garage Door Pros,Albany,GA,#0369A1,
566,savagegaragedoorpros.com,Savage Garage Door Pros,Savage,MN,#0052CC,
567,bridgewatergaragedoorpros.com,Bridgewater Garage Door Pros,Bridgewater,NJ,#0066FF,
568,beavertongaragedoorpros.com,Beaverton Garage Door Pros,Beaverton,OR,#0077B6,
569,colliervillegaragedoorpros.com,Collierville Garage Door Pros,Collierville,TN,#00B4D8,
570,randolphgaragedoorpros.com,Randolph Garage Door Pros,Randolph,NJ,#00C2A8,
571,traversecitygaragedoorpros.com,Traverse City Garage Door Pros,Traverse City,MI,#009B77,
572,georgetowngaragedoorco.com,Georgetown Garage Door Pros,Georgetown,TX,#2E8B57,
573,beavercreekgaragedoorpros.com,Beavercreek Garage Door Pros,Beavercreek,OH,#3A86FF,
574,wilsonvillegaragedoorpros.com,Wilsonville Garage Door Pros,Wilsonville,OR,#4361EE,
575,brentwoodgaragedoorpros.com,Brentwood Garage Door Pros,Brentwood,TN,#264653,
576,wheelinggaragedoorco.com,Wheeling Garage Door Co,Wheeling,WV,#2A9D8F,
577,citrusheightsgaragedoorpros.com,Citrus Heights Garage Door Pros,Citrus Heights,CA,#1B998B,
578,redwoodcitygaragedoorpros.com,Redwood City Garage Door Pros,Redwood City,CA,#3A0CA3,
579,bettendorfgaragedoorpros.com,Bettendorf Garage Door Pros,Bettendorf,IA,#7209B7,
580,champaigngaragedoorpros.com,Champaign Garage Door Pros,Champaign,IL,#B5179E,
581,andersongaragedoorpros.com,Anderson Garage Door Pros,Anderson,SC,#F72585,
582,inglewoodgaragedoorpros.com,Inglewood Garage Door Pros,Inglewood,CA,#386641,
583,murrietagaragedoorpros.com,Murrieta Garage Door Pros,Murrieta,CA,#1D4ED8,
584,lancastergaragedoorco.com,Lancaster Garage Door Pros,Lancaster,CA,#06B6D4,
585,westpalmbeachgaragedoorpros.com,West Palm Beach Garage Door Pros,West Palm Beach,FL,#0891B2,
586,whitebearlakegaragedoorpros.com,White Bear Lake Garage Door Pros,White Bear Lake,MN,#14B8A6,
587,leaguecitygaragedoorpros.com,League City Garage Door Pros,League City,TX,#EAB308,
588,hendersonvillegaragedoorco.com,Hendersonville Garage Door Pros,Hendersonville,TN,#F59E0B,
589,chulavistagaragedoorpros.com,Chula Vista Garage Door Pros,Chula Vista,CA,#EC4899,
590,visaliagaragedoorpros.com,Visalia Garage Door Pros,Visalia,CA,#1E40AF,
591,nampadoorpros.com,Nampa Door Pros,Nampa,ID,#1E3A8A,
592,santaclaragaragedoorpros.com,Santa Clara Garage Door Pros,Santa Clara,CA,#7F1D1D,
593,lewisvillegaragedoorpros.com,Lewisville Garage Door Pros,Lewisville,TX,#881337,
594,sugarlandgaragedoorco.com,Sugar Land Garage Door Co,Sugar Land,TX,#701A75,
595,manhattangaragedoorpros.com,Manhattan Garage Door Pros,Manhattan,KS,#581C87,
596,lynnwoodgaragedoorpros.com,Lynnwood Garage Door Pros,Lynnwood,WA,#4C1D95,
597,thewoodlandsgaragedoorpros.com,The Woodlands Garage Door Pros,The Woodlands,TX,#0096C7,
598,wesleychapelgaragedoorpros.com,Wesley Chapel Garage Door Pros,Wesley Chapel,FL,#2A9D8F,
599,montgomerygaragedoorpros.com,Montgomery Garage Door Pros,Montgomery,AL,#1B998B,
600,lutzgaragedoorpros.com,Lutz Garage Door Pros,Lutz,FL,#5E60CE,
601,palmdesertgaragedoorpros.com,Palm Desert Garage Door Pros,Palm Desert,CA,#7209B7,
602,pembrokepinesgaragedoorpros.com,Pembroke Pines Garage Door Pros,Pembroke Pines,FL,#B5179E,
603,pompanobeachgaragedoorpros.com,Pompano Beach Garage Door Pros,Pompano Beach,FL,#F72585,
604,redondobeachgaragedoorpros.com,Redondo Beach Garage Door Pros,Redondo Beach,CA,#0891B2,
605,kennesawgaragedoorpros.com,Kennesaw Garage Door Pros,Kennesaw,GA,#14B8A6,
606,chesapeakegaragedoorpros.com,Chesapeake Garage Door Pros,Chesapeake,VA,#0D9488,
607,missionviejogaragedoorpros.com,Mission Viejo Garage Door Pros,Mission Viejo,CA,#10B981,
608,reddinggaragedoorpros.com,Redding Garage Door Pros,Redding,CA,#15803D,
609,santarosagaragedoorpros.com,Santa Rosa Garage Door Pros,Santa Rosa,CA,#701A75,
610,littletongaragedoorpros.com,Littleton Garage Door Pros,Littleton,CO,#581C87,
611,lakevillegaragedoorpros.com,Lakeville Garage Door Pros,Lakeville,MN,#4C1D95,
612,olathegaragedoorpros.com,Olathe Garage Door Pros,Olathe,KS,#3730A3,
613,fredericksburggaragedoorpros.com,Fredericksburg Garage Door Pros,Fredericksburg,VA,#1E293B,
614,wacogaragedoorpros.com,Waco Garage Door Pros,Waco,TX,#00B4D8,
615,concordgaragedoorpros.com,Concord Garage Door Pros,Concord,NC,#00C2A8,
616,albanygaragedoorco.com,Albany Garage Door Pros,Albany,NY,#00A86B,
617,palmdalegaragedoorpros.com,Palmdale Garage Door Pros,Palmdale,CA,#264653,
618,oceansidegaragedoorpros.com,Oceanside Garage Door Pros,Oceanside,CA,#2A9D8F,
619,clearwatergaragedoorpros.com,Clearwater Garage Door Pros,Clearwater,FL,#1B998B,
620,santafegaragedoorpros.com,Santa Fe Garage Door Pros,Santa Fe,NM,#5E60CE,
621,kalamazoogaragedoorpros.com,Kalamazoo Garage Door Pros,Kalamazoo,MI,#3A0CA3,
622,billingsgaragedoorpros.com,Billings Garage Door Pros,Billings,MT,#7209B7,
623,yorkgaragedoorpros.com,York Garage Door Pros,York,PA,#B5179E,
624,valdostagaragedoorpros.com,Valdosta Garage Door Pros,Valdosta,GA,#F72585,
625,newportbeachgaragedoorpros.com,Newport Beach Garage Door Pros,Newport Beach,CA,#14B8A6,
626,ranchocucamongagaragedoorpros.com,Rancho Cucamonga Garage Door Pros,Rancho Cucamonga,CA,#0D9488,
627,maranagaragedoorpros.com,Marana Garage Door Pros,Marana,AZ,#10B981,
628,bethesdagaragedoorpros.com,Bethesda Garage Door Pros,Bethesda,MD,#059669,
629,ashevillegaragedoorpros.com,Asheville Garage Door Pros,Asheville,NC,#16A34A,
630,topekagaragedoorpros.com,Topeka Garage Door Pros,Topeka,KS,#15803D,
631,wichitafallsgaragedoorpros.com,Wichita Falls Garage Door Pros,Wichita Falls,TX,#EA580C,
632,brokenarrowgaragedoorpros.com,Broken Arrow Garage Door Pros,Broken Arrow,OK,#F97316,
633,boyntonbeachgaragedoorpros.com,Boynton Beach Garage Door Pros,Boynton Beach,FL,#DC2626,
634,newnangaragedoorpros.com,Newnan Garage Door Pros,Newnan,GA,#EF4444,
635,auroragaragedoorco.com,Aurora Garage Door Pros,Aurora,IL,#DB2777,
636,neworleansgaragedoorpros.com,New Orleans Garage Door Pros,New Orleans,LA,#EC4899,
637,victorvillegaragedoorpros.com,Victorville Garage Door Pros,Victorville,CA,#581C87,
638,woodburygaragedoorpros.com,Woodbury Garage Door Pros,Woodbury,MN,#3730A3,
639,buckeyegaragedoorpros.com,Buckeye Garage Door Pros,Buckeye,AZ,#1E293B,
640,wakeforestgaragedoorpros.com,Wake Forest Garage Door Pros,Wake Forest,NC,#334155,
641,sierravistagaragedoorpros.com,Sierra Vista Garage Door Pros,Sierra Vista,AZ,#475569,
642,attleborogaragedoorpros.com,Attleboro Garage Door Pros,Attleboro,MA,#64748B,
643,baycitygaragedoorpros.com,Bay City Garage Door Pros,Bay City,MI,#0369A1,
644,blufftongaragedoorpros.com,Bluffton Garage Door Pros,Bluffton,SC,#0052CC,
645,galvestongaragedoorpros.com,Galveston Garage Door Pros,Galveston,TX,#00C2A8,
646,tylergaragedoorpros.com,Tyler Garage Door Pros,Tyler,TX,#00A86B,
647,dentongaragedoorpros.com,Denton Garage Door Pros,Denton,TX,#009B77,
648,lakehavasucitygaragedoorpros.com,Lake Havasu City Garage Door Pros,Lake Havasu City,AZ,#2E8B57,
649,cedarrapidsgaragedoorpros.com,Cedar Rapids Garage Door Pros,Cedar Rapids,IA,#3A86FF,
650,plantationgaragedoorpros.com,Plantation Garage Door Pros,Plantation,FL,#3A0CA3,
651,worcestergaragedoorpros.com,Worcester Garage Door Pros,Worcester,MA,#7209B7,
652,venturagaragedoorpros.com,Ventura Garage Door Pros,Ventura,CA,#B5179E,
653,stpetersburggaragedoorpros.com,St. Petersburg Garage Door Pros,St. Petersburg,FL,#E76F51,
654,acworthgaragedoorpros.com,Acworth Garage Door Pros,Acworth,GA,#FF6B35,
655,peachtreecitygaragedoorpros.com,Peachtree City Garage Door Pros,Peachtree City,GA,#F4A261,
656,goodyeargaragedoorpros.com,Goodyear Garage Door Pros,Goodyear,AZ,#2EC4B6,
657,oaklandgaragedoorco.com,Oakland Garage Door Co,Oakland,CA,#3730A3,
658,prescottgaragedoorpros.com,Prescott Garage Door Pros,Prescott,AZ,#334155,
659,newhavengaragedoorpros.com,New Haven Garage Door Pros,New Haven,CT,#475569,
660,highlandsranchgaragedoorpros.com,Highlands Ranch Garage Door Pros,Highlands Ranch,CO,#64748B,
661,allentowngaragedoorpros.com,Allentown Garage Door Pros,Allentown,PA,#0369A1,
662,conwaygaragedoorpros.com,Conway Garage Door Pros,Conway,AR,#0052CC,
663,oviedogaragedoorpros.com,Oviedo Garage Door Pros,Oviedo,FL,#F4A261,
664,plainfieldgaragedoorpros.com,Plainfield Garage Door Pros,Plainfield,IL,#2EC4B6,
665,jacksongaragedoorpros.com,Jackson Garage Door Pros,Jackson,TN,#06D6A0,
666,camarillogaragedoorpros.com,Camarillo Garage Door Pros,Camarillo,CA,#64748B,
667,palmbaygaragedoorpros.com,Palm Bay Garage Door Pros,Palm Bay,FL,#0369A1,
668,pueblogaragedoorpros.com,Pueblo Garage Door Pros,Pueblo,CO,#0052CC,
669,flagstaffgaragedoorco.com,Flagstaff Garage Door Co,Flagstaff,AZ,#0066FF,
670,edwardsvillegaragedoorpros.com,Edwardsville Garage Door Pros,Edwardsville,IL,#0096C7,
671,farmingtongaragedoorpros.com,Farmington Garage Door Pros,Farmington,NM,#00A6FB,
672,carsoncitygaragedoorpros.com,Carson City Garage Door Pros,Carson City,NV,#00B4D8,
673,mooresvillegaragedoorpros.com,Mooresville Garage Door Pros,Mooresville,NC,#00A86B,
674,summervillegaragedoorpros.com,Summerville Garage Door Pros,Summerville,SC,#2E8B57,
675,spartanburggaragedoorpros.com,Spartanburg Garage Door Pros,Spartanburg,SC,#3A86FF,
676,eugenegaragedoorpros.com,Eugene Garage Door Pros,Eugene,OR,#264653,
677,racinegaragedoorpros.com,Racine Garage Door Pros,Racine,WI,#1B998B,
678,sparksgaragedoorpros.com,Sparks Garage Door Pros,Sparks,NV,#5E60CE,
679,tuscaloosagaragedoorpros.com,Tuscaloosa Garage Door Pros,Tuscaloosa,AL,#3A0CA3,
680,folsomgaragedoorpros.com,Folsom Garage Door Pros,Folsom,CA,#0077B6,
681,stamfordgaragedoorpros.com,Stamford Garage Door Pros,Stamford,CT,#0096C7,
682,palmspringsgaragedoorpros.com,Palm Springs Garage Door Pros,Palm Springs,CA,#00A6FB,
683,lakewoodgaragedoorpros.com,Lakewood Garage Door Pros,Lakewood,CO,#00B4D8,
684,saintaugustinegaragedoorpros.com,Saint Augustine Garage Door Pros,Saint Augustine,FL,#386641,
685,greeleygaragedoorpros.com,Greeley Garage Door Pros,Greeley,CO,#588157,
686,douglasvillegaragedoorpros.com,Douglasville Garage Door Pros,Douglasville,GA,#4CC9F0,
687,roswellgaragedoorpros.com,Roswell Garage Door Pros,Roswell,GA,#5A189A,
688,walnutcreekgaragedoorpros.com,Walnut Creek Garage Door Pros,Walnut Creek,CA,#0096C7,
689,ormondbeachgaragedoorpros.com,Ormond Beach Garage Door Pros,Ormond Beach,FL,#588157,
690,harrisburggaragedoorpros.com,Harrisburg Garage Door Pros,Harrisburg,PA,#4CC9F0,
691,eastlansinggaragedoorpros.com,East Lansing Garage Door Pros,East Lansing,MI,#5A189A,
692,longviewgaragedoorco.com,Longview Garage Door Pros,Longview,TX,#1565C0,
693,littleelmgaragedoorpros.com,Little Elm Garage Door Pros,Little Elm,TX,#00897B,
694,texarkanagaragedoorpros.com,Texarkana Garage Door Pros,Texarkana,TX,#0F172A,
695,jacksongaragedoorco.com,Jackson Garage Door Pros,Jackson,MS,#2563EB,
696,westjordangaragedoorpros.com,West Jordan Garage Door Pros,West Jordan,UT,#1D4ED8,
697,westchestergaragedoorpros.com,West Chester Garage Door Pros,West Chester,PA,#3B82F6,
698,manassasgaragedoorpros.com,Manassas Garage Door Pros,Manassas,VA,#0EA5E9,
699,coonrapidsgaragedoorpros.com,Coon Rapids Garage Door Pros,Coon Rapids,MN,#0284C7,
700,mcallengaragedoorpros.com,McAllen Garage Door Pros,McAllen,TX,#0891B2,
701,auburngaragedoorco.com,Auburn Garage Door Pros,Auburn,AL,#14B8A6,
702,mantecagaragedoorpros.com,Manteca Garage Door Pros,Manteca,CA,#115E59,
703,mercedgaragedoorpros.com,Merced Garage Door Pros,Merced,CA,#115E59,
704,napagaragedoorpros.com,Napa Garage Door Pros,Napa,CA,#166534,
705,snellvillegaragedoorpros.com,Snellville Garage Door Pros,Snellville,GA,#0D9488,
706,woodstockgaragedoorpros.com,Woodstock Garage Door Pros,Woodstock,GA,#10B981,
707,tinleyparkgaragedoorpros.com,Tinley Park Garage Door Pros,Tinley Park,IL,#059669,
708,eagangaragedoorpros.com,Eagan Garage Door Pros,Eagan,MN,#16A34A,
709,potomacgaragedoorpros.com,Potomac Garage Door Pros,Potomac,MD,#22C55E,
710,eulessgaragedoorpros.com,Euless Garage Door Pros,Euless,TX,#F97316,
711,wyliegaragedoorpros.com,Wylie Garage Door Pros,Wylie,TX,#DC2626,
712,orlandparkgaragedoorpros.com,Orland Park Garage Door Pros,Orland Park,IL,#EF4444,
713,maplegrovegaragedoorpros.com,Maple Grove Garage Door Pros,Maple Grove,MN,#E11D48,
714,riversidegaragedoorpros.com,Riverside Garage Door Pros,Riverside,CA,#14532D,
715,conyersgaragedoorpros.com,Conyers Garage Door Pros,Conyers,GA,#C026D3,
716,goldengaragedoorpros.com,Golden Garage Door Pros,Golden,CO,#D946EF,
717,brainerdgaragedoorpros.com,Brainerd Garage Door Pros,Brainerd,MN,#9333EA,
718,jolietgaragedoorpros.com,Joliet Garage Door Pros,Joliet,IL,#7C3AED,
719,eriegaragedoorpros.com,Erie Garage Door Pros,Erie,PA,#8B5CF6,
720,janesvillegaragedoorpros.com,Janesville Garage Door Pros,Janesville,WI,#6366F1,
721,leesburggaragedoorpros.com,Leesburg Garage Door Pros,Leesburg,VA,#4F46E5,
722,fayettevillegaragedoorco.com,Fayetteville Garage Door Pros,Fayetteville,AR,#4338CA,
723,santacruzgaragedoorpros.com,Santa Cruz Garage Door Pros,Santa Cruz,CA,#365314,
724,decaturgaragedoorco.com,Decatur Garage Door Pros,Decatur,IL,#312E81,
725,waterfordgaragedoorpros.com,Waterford Garage Door Pros,Waterford,MI,#0F766E,
726,newarkdoorpros.com,Newark Garage Door Pros,Newark,NJ,#115E59,
727,rockhillgaragedoorpros.com,Rock Hill Garage Door Pros,Rock Hill,SC,#166534,
728,columbusdoorpros.com,Columbus Garage Door Co,Columbus,OH,#14532D,
729,mesquitegaragedoorco.com,Mesquite Garage Door Pros,Mesquite,TX,#365314,
730,florencegaragedoorco.com,Florence Garage Door Pros,Florence,KY,#3F6212,
731,clermontgaragedoorpros.com,Clermont Garage Door Pros,Clermont,FL,#92400E,
732,fairfaxgaragedoorpros.com,Fairfax Garage Door Pros,Fairfax,VA,#78350F,
733,templegaragedoorpros.com,Temple Garage Door Pros,Temple,TX,#7C2D12,
734,budagaragedoorpros.com,Buda Garage Door Pros,Buda,TX,#9A3412,
735,laceygaragedoorpros.com,Lacey Garage Door Pros,Lacey,WA,#991B1B,
736,waukeshagaragedoorpros.com,Waukesha Garage Door Pros,Waukesha,WI,#7F1D1D,
737,flintgaragedoorpros.com,Flint Garage Door Pros,Flint,MI,#881337,
738,casagrandegaragedoorpros.com,Casa Grande Garage Door Pros,Casa Grande,AZ,#831843,
739,kingmangaragedoorpros.com,Kingman Garage Door Pros,Kingman,AZ,#581C87,
740,panamacitygaragedoorpros.com,Panama City Garage Door Pros,Panama City,FL,#3730A3,
741,fayettevilledoorpros.com,Fayetteville Garage Door Pros,Fayetteville,GA,#1E293B,
742,ofallongaragedoorpros.com,O'Fallon Garage Door Pros,O'Fallon,MO,#334155,
743,lexingtongaragedoorco.com,Lexington Garage Door Pros,Lexington,SC,#64748B,
744,johnsoncitygaragedoorpros.com,Johnson City Garage Door Pros,Johnson City,TN,#0369A1,
745,indianapolisgaragedoorpros.com,Indianapolis Garage Door Pros,Indianapolis,IN,#0052CC,
746,desplainesgaragedoorpros.com,Des Plaines Garage Door Pros,Des Plaines,IL,#0066FF,
747,farmingtonhillsgaragedoorpros.com,Farmington Hills Garage Door Pros,Farmington Hills,MI,#0077B6,
748,cedarhillgaragedoorpros.com,Cedar Hill Garage Door Pros,Cedar Hill,TX,#3A86FF,
749,jupitergaragedoorco.com,Jupiter Garage Door Co,Jupiter,FL,#4CC9F0,
750,jonesborogaragedoorpros.com,Jonesboro Garage Door Pros,Jonesboro,AR,#5A189A,
751,sanramongaragedoorpros.com,San Ramon Garage Door Pros,San Ramon,CA,#007F5F,
752,daytonabeachgaragedoorpros.com,Daytona Beach Garage Door Pros,Daytona Beach,FL,#007F5F,
753,duluthgaragedoorco.com,Duluth Garage Door Pros,Duluth,GA,#1565C0,
754,kalispellgaragedoorpros.com,Kalispell Garage Door Pros,Kalispell,MT,#00897B,
755,woburngaragedoorpros.com,Woburn Garage Door Pros,Woburn,MA,#2563EB,
756,ozarkgaragedoorpros.com,Ozark Garage Door Pros,Ozark,MO,#0EA5E9,
757,brunswickgaragedoorpros.com,Brunswick Garage Door Pros,Brunswick,OH,#0284C7,
758,richmonddoorpros.com,Richmond Garage Door Pros,Richmond,TX,#F43F5E,
759,burlesongaragedoorpros.com,Burleson Garage Door Pros,Burleson,TX,#1E3A8A,
760,owassogaragedoorpros.com,Owasso Garage Door Pros,Owasso,OK,#0F766E,
761,rogersgaragedoorpros.com,Rogers Garage Door Pros,Rogers,AR,#115E59,
762,hollandgaragedoorpros.com,Holland Garage Door Pros,Holland,MI,#166534,
763,burlingtongaragedoorco.com,Burlington Garage Door Pros,Burlington,VT,#14532D,
764,wausaugaragedoorpros.com,Wausau Garage Door Pros,Wausau,WI,#365314,
765,elizabethtowngaragedoorpros.com,Elizabethtown Garage Door Pros,Elizabethtown,KY,#854D0E,
766,bozemangaragedoorpros.com,Bozeman Garage Door Pros,Bozeman,MT,#92400E,
767,fortsmithgaragedoorpros.com,Fort Smith Garage Door Pros,Fort Smith,AR,#78350F,
768,siouxcitygaragedoorpros.com,Sioux City Garage Door Pros,Sioux City,IA,#7C2D12,
769,sanfordgaragedoorco.com,Sanford Garage Door Pros,Sanford,NC,#9A3412,
770,queencreekgaragedoorpros.com,Queen Creek Garage Door Pros,Queen Creek,AZ,#991B1B,
771,parkridgegaragedoorpros.com,Park Ridge Garage Door Pros,Park Ridge,IL,#7F1D1D,
772,edinagaragedoorpros.com,Edina Garage Door Pros,Edina,MN,#831843,
773,thecolonygaragedoorpros.com,The Colony Garage Door Pros,The Colony,TX,#4361EE,
774,maricopagaragedoorpros.com,Maricopa Garage Door Pros,Maricopa,AZ,#264653,
775,jacksondoorpros.com,Jackson Garage Door Pros,Jackson,MI,#2A9D8F,
776,midlothiangaragedoorpros.com,Midlothian Garage Door Pros,Midlothian,VA,#1B998B,
777,everettgaragedoorpros.com,Everett Garage Door Pros,Everett,WA,#5E60CE,
778,coeurdalenegaragedoorpros.com,Coeur d'Alene Garage Door Pros,Coeur d'Alene,ID,#3A0CA3,
779,waxhawgaragedoorpros.com,Waxhaw Garage Door Pros,Waxhaw,NC,#7209B7,
780,brickgaragedoorpros.com,Brick Garage Door Pros,Brick,NJ,#B5179E,
781,suwaneegaragedoorco.com,Suwanee Garage Door Co,Suwanee,GA,#E76F51,
782,lehighacresgaragedoorpros.com,Lehigh Acres Garage Door Pros,Lehigh Acres,FL,#00897B,
783,lakezurichgaragedoorpros.com,Lake Zurich Garage Door Pros,Lake Zurich,IL,#0F172A,
784,framinghamgaragedoorpros.com,Framingham Garage Door Pros,Framingham,MA,#1D4ED8,
785,minnetonkagaragedoorpros.com,Minnetonka Garage Door Pros,Minnetonka,MN,#0EA5E9,
786,brooklynparkgaragedoorpros.com,Brooklyn Park Garage Door Pros,Brooklyn Park,MN,#06B6D4,
787,concordgaragedoorco.com,Concord Garage Door Pros,Concord,CA,#84CC16,
788,clovisgaragedoorpros.com,Clovis Garage Door Pros,Clovis,CA,#3F6212,
789,danburygaragedoorpros.com,Danbury Garage Door Pros,Danbury,CT,#0891B2,
790,stuartgaragedoorpros.com,Stuart Garage Door Pros,Stuart,FL,#14B8A6,
791,wilmingtongaragedoorco.com,Wilmington Garage Door Pros,Wilmington,DE,#0D9488,
792,gulfportgaragedoorpros.com,Gulfport Garage Door Pros,Gulfport,MS,#10B981,
793,madisongaragedoorguys.com,Madison Garage Door Co,Madison,AL,#059669,
794,gastoniagaragedoorpros.com,Gastonia Garage Door Pros,Gastonia,NC,#15803D,
795,brunswickgaragedoorco.com,Brunswick Garage Door Pros,Brunswick,GA,#22C55E,
796,elkrivergaragedoorpros.com,Elk River Garage Door Pros,Elk River,MN,#65A30D,
797,hattiesburggaragedoorpros.com,Hattiesburg Garage Door Pros,Hattiesburg,MS,#84CC16,
798,wilkesbarregaragedoorpros.com,Wilkes-Barre Garage Door Pros,Wilkes-Barre,PA,#CA8A04,
799,eauclairegaragedoorpros.com,Eau Claire Garage Door Pros,Eau Claire,WI,#EAB308,
800,westallisgaragedoorpros.com,West Allis Garage Door Pros,West Allis,WI,#F59E0B,
801,missouricitygaragedoorpros.com,Missouri City Garage Door Pros,Missouri City,TX,#0F766E,
802,scrantongaragedoorpros.com,Scranton Garage Door Pros,Scranton,PA,#115E59,
803,norcrossgaragedoorpros.com,Norcross Garage Door Pros,Norcross,GA,#166534,
804,riverviewgaragedoorpros.com,Riverview Garage Door Pros,Riverview,FL,#991B1B,
805,bedfordgaragedoorpros.com,Bedford Garage Door Pros,Bedford,TX,#2A9D8F,
806,tomballgaragedoorpros.com,Tomball Garage Door Pros,Tomball,TX,#1B998B,
807,sandyspringsgaragedoorpros.com,Sandy Springs Garage Door Pros,Sandy Springs,GA,#5E60CE,
808,plymouthgaragedoorpros.com,Plymouth Garage Door Pros,Plymouth,MN,#3A0CA3,
809,casselberrygaragedoorpros.com,Casselberry Garage Door Pros,Casselberry,FL,#2563EB,
810,norwalkgaragedoorpros.com,Norwalk Garage Door Pros,Norwalk,CT,#1D4ED8,
811,destingaragedoorpros.com,Destin Garage Door Pros,Destin,FL,#06B6D4,
812,decaturdoorpros.com,Decatur Garage Door Pros,Decatur,AL,#0891B2,
813,newlenoxgaragedoorpros.com,New Lenox Garage Door Pros,New Lenox,IL,#10B981,
814,shawneegaragedoorpros.com,Shawnee Garage Door Pros,Shawnee,KS,#059669,
815,bowlinggreengaragedoorpros.com,Bowling Green Garage Door Pros,Bowling Green,KY,#16A34A,
816,nicholasvillegaragedoorpros.com,Nicholasville Garage Door Pros,Nicholasville,KY,#15803D,
817,dovergaragedoorpros.com,Dover Garage Door Pros,Dover,DE,#22C55E,
818,pocatellogaragedoorpros.com,Pocatello Garage Door Pros,Pocatello,ID,#65A30D,
819,hamlakegaragedoorpros.com,Ham Lake Garage Door Pros,Ham Lake,MN,#84CC16,
820,missoulagaragedoorpros.com,Missoula Garage Door Pros,Missoula,MT,#CA8A04,
821,claytongaragedoorpros.com,Clayton Garage Door Pros,Clayton,NC,#EAB308,
822,kerrvillegaragedoorpros.com,Kerrville Garage Door Pros,Kerrville,TX,#3F6212,
823,maryvillegaragedoorpros.com,Maryville Garage Door Pros,Maryville,TN,#854D0E,
824,winchestergaragedoorpros.com,Winchester Garage Door Pros,Winchester,VA,#92400E,
825,missiongaragedoorco.com,Mission Garage Door Co,Mission,TX,#991B1B,
826,spokanevalleygaragedoorpros.com,Spokane Valley Garage Door Pros,Spokane Valley,WA,#7F1D1D,
827,akrongaragedoorpros.com,Akron Garage Door Pros,Akron,OH,#881337,
828,lynchburggaragedoorpros.com,Lynchburg Garage Door Pros,Lynchburg,VA,#831843,
829,gallatingaragedoorpros.com,Gallatin Garage Door Pros,Gallatin,TN,#701A75,
830,bentonvillegaragedoorpros.com,Bentonville Garage Door Pros,Bentonville,AR,#581C87,
831,hotspringsgaragedoorpros.com,Hot Springs Garage Door Pros,Hot Springs,AR,#4C1D95,
832,springdalegaragedoorpros.com,Springdale Garage Door Pros,Springdale,AR,#3730A3,
833,dunedingaragedoorpros.com,Dunedin Garage Door Pros,Dunedin,FL,#1E293B,
834,readinggaragedoorpros.com,Reading Garage Door Pros,Reading,PA,#334155,
835,sumtergaragedoorpros.com,Sumter Garage Door Pros,Sumter,SC,#0369A1,
836,fountainhillsgaragedoorpros.com,Fountain Hills Garage Door Pros,Fountain Hills,AZ,#0052CC,
837,hemetgaragedoorpros.com,Hemet Garage Door Pros,Hemet,CA,#FB8500,
838,highlandparkgaragedoorpros.com,Highland Park Garage Door Pros,Highland Park,IL,#00A6FB,
839,vistagaragedoorpros.com,Vista Garage Door Pros,Vista,CA,#D97706,
840,southfieldgaragedoorpros.com,Southfield Garage Door Pros,Southfield,MI,#00B4D8,
841,novigaragedoorpros.com,Novi Garage Door Pros,Novi,MI,#00C2A8,
842,farmingtongaragedoorco.com,Farmington Garage Door Pros,Farmington,MN,#00A86B,
843,ranchocordovagaragedoorpros.com,Rancho Cordova Garage Door Pros,Rancho Cordova,CA,#DB2777,
844,powaygaragedoorpros.com,Poway Garage Door Pros,Poway,CA,#C026D3,
845,millcreekgaragedoorpros.com,Mill Creek Garage Door Pros,Mill Creek,WA,#2E8B57,
846,mcleangaragedoorpros.com,McLean Garage Door Pros,McLean,VA,#3A86FF,
847,suncitygaragedoorpros.com,Sun City Garage Door Pros,Sun City,AZ,#4361EE,
848,hermosabeachgaragedoorpros.com,Hermosa Beach Garage Door Pros,Hermosa Beach,CA,#D946EF,
849,dublingaragedoorpros.com,Dublin Garage Door Pros,Dublin,CA,#7C3AED,
850,crystallakegaragedoorpros.com,Crystal Lake Garage Door Pros,Crystal Lake,IL,#2A9D8F,
851,chesterfieldgaragedoorpros.com,Chesterfield Garage Door Pros,Chesterfield,MO,#1B998B,
852,manchesterdoorpros.com,Manchester Garage Door Co,Manchester,CT,#5E60CE,
853,windergaragedoorpros.com,Winder Garage Door Pros,Winder,GA,#2EC4B6,
854,mooregaragedoorpros.com,Moore Garage Door Pros,Moore,OK,#06D6A0,
855,providencegaragedoorpros.com,Providence Garage Door Pros,Providence,RI,#118AB2,
856,hagerstowngaragedoorpros.com,Hagerstown Garage Door Pros,Hagerstown,MD,#073B4C,
857,gainesvilledoorpros.com,Gainesville Garage Door Pros,Gainesville,VA,#386641,
858,roundrockgaragedoorpros.com,Round Rock Garage Door Pros,Round Rock,TX,#2563EB,
859,leandergaragedoorpros.com,Leander Garage Door Pros,Leander,TX,#1D4ED8,
860,suffolkgaragedoorpros.com,Suffolk Garage Door Pros,Suffolk,VA,#3B82F6,
861,sterlinggaragedoorpros.com,Sterling Garage Door Pros,Sterling,VA,#0284C7,
862,lebanongaragedoorpros.com,Lebanon Garage Door Pros,Lebanon,TN,#06B6D4,
863,clevelanddoorpros.com,Cleveland Garage Door Co,Cleveland,TN,#0891B2,
864,dothangaragedoorpros.com,Dothan Garage Door Pros,Dothan,AL,#0D9488,
865,shoreviewgaragedoorpros.com,Shoreview Garage Door Pros,Shoreview,MN,#059669,
866,oregoncitygaragedoorpros.com,Oregon City Garage Door Pros,Oregon City,OR,#16A34A,
867,tarponspringsgaragedoorpros.com,Tarpon Springs Garage Door Pros,Tarpon Springs,FL,#15803D,
868,gilroygaragedoorpros.com,Gilroy Garage Door Pros,Gilroy,CA,#6366F1,
869,laportegaragedoorpros.com,La Porte Garage Door Pros,La Porte,TX,#854D0E,
870,palmbeachgardensgaragedoorco.com,Palm Beach Gardens Garage Door Pros,Palm Beach Gardens,FL,#334155,
871,santanvalleygaragedoorpros.com,San Tan Valley Garage Door Pros,San Tan Valley,AZ,#64748B,
872,opelikagaragedoorpros.com,Opelika Garage Door Pros,Opelika,AL,#0369A1,
873,poolergaragedoorpros.com,Pooler Garage Door Pros,Pooler,GA,#0066FF,
874,sanluisobispogaragedoorpros.com,San Luis Obispo Garage Door Pros,San Luis Obispo,CA,#4F46E5,
875,cartersvillegaragedoorpros.com,Cartersville Garage Door Pros,Cartersville,GA,#0077B6,
876,tuckergaragedoorpros.com,Tucker Garage Door Pros,Tucker,GA,#0096C7,
877,ellicottcitygaragedoorco.com,Ellicott City Garage Door Pros,Ellicott City,MD,#00A6FB,
878,wintergardengaragedoorpros.com,Winter Garden Garage Door Pros,Winter Garden,FL,#0D9488,
879,postfallsgaragedoorpros.com,Post Falls Garage Door Pros,Post Falls,ID,#10B981,
880,helenagaragedoorpros.com,Helena Garage Door Pros,Helena,MT,#059669,
881,jacksonvilledoorpros.com,Jacksonville Garage Door Co,Jacksonville,NC,#22C55E,
882,belairgaragedoorpros.com,Bel Air Garage Door Pros,Bel Air,MD,#65A30D,
883,northcantongaragedoorpros.com,North Canton Garage Door Pros,North Canton,OH,#84CC16,
884,corneliusgaragedoorpros.com,Cornelius Garage Door Pros,Cornelius,NC,#CA8A04,
885,chattanoogagaragedoorpros.com,Chattanooga Garage Door Pros,Chattanooga,TN,#EAB308,
886,joplingaragedoorpros.com,Joplin Garage Door Pros,Joplin,MO,#F59E0B,
887,stockbridgegaragedoorpros.com,Stockbridge Garage Door Pros,Stockbridge,GA,#EA580C,
888,charlottesvillegaragedoorpros.com,Charlottesville Garage Door Pros,Charlottesville,VA,#F97316,
889,nixagaragedoorpros.com,Nixa Garage Door Pros,Nixa,MO,#DC2626,
890,norfolkgaragedoorpros.com,Norfolk Garage Door Pros,Norfolk,VA,#EF4444,
891,brookfieldgaragedoorpros.com,Brookfield Garage Door Pros,Brookfield,WI,#E11D48,
892,aikengaragedoorpros.com,Aiken Garage Door Pros,Aiken,SC,#F43F5E,
893,roysecitygaragedoorpros.com,Royse City Garage Door Pros,Royse City,TX,#92400E,
894,stcharlesgaragedoorpros.com,St. Charles Garage Door Pros,St. Charles,IL,#78350F,
895,richlandgaragedoorpros.com,Richland Garage Door Pros,Richland,WA,#9A3412,
896,loraingaragedoorpros.com,Lorain Garage Door Pros,Lorain,OH,#991B1B,
897,sheboygangaragedoorpros.com,Sheboygan Garage Door Pros,Sheboygan,WI,#831843,
898,lacrossegaragedoorpros.com,La Crosse Garage Door Pros,La Crosse,WI,#701A75,
899,greensburggaragedoorpros.com,Greensburg Garage Door Pros,Greensburg,PA,#581C87,
900,oakcreekgaragedoorpros.com,Oak Creek Garage Door Pros,Oak Creek,WI,#4C1D95,
901,bryangaragedoorpros.com,Bryan Garage Door Pros,Bryan,TX,#06D6A0,
902,sheltongaragedoorpros.com,Shelton Garage Door Pros,Shelton,CT,#118AB2,
903,masongaragedoorpros.com,Mason Garage Door Pros,Mason,OH,#073B4C,
904,auburndoorpros.com,Auburn Garage Door Pros,Auburn,CA,#475569,
905,fairfieldgaragedoorpros.com,Fairfield Garage Door Pros,Fairfield,CA,#009B77,
906,kissimmeegaragedoorpros.com,Kissimmee Garage Door Pros,Kissimmee,FL,#059669,
907,dallasgaragedoorguys.com,Dallas Door Pros,Dallas,GA,#16A34A,
908,romegaragedoorpros.com,Rome Garage Door Pros,Rome,GA,#65A30D,
909,clintontownshipgaragedoorpros.com,Clinton Township Garage Door Pros,Clinton Township,MI,#84CC16,
910,wentzvillegaragedoorpros.com,Wentzville Garage Door Pros,Wentzville,MO,#CA8A04,
911,statesvillegaragedoorpros.com,Statesville Garage Door Pros,Statesville,NC,#F59E0B,
912,sonomagaragedoorpros.com,Sonoma Garage Door Pros,Sonoma,CA,#F72585,
913,gardengrovegaragedoorpros.com,Garden Grove Garage Door Pros,Garden Grove,CA,#E76F51,
914,beaumontgaragedoorco.com,Beaumont Garage Door Pros,Beaumont,CA,#FF6B35,
915,lamiradagaragedoorpros.com,La Mirada Garage Door Pros,La Mirada,CA,#FB8500,
916,royaloakgaragedoorpros.com,Royal Oak Garage Door Pros,Royal Oak,MI,#D97706,
917,farmingtondoorpros.com,Farmington Garage Door Pros,Farmington,MI,#EA580C,
918,grapevinegaragedoorpros.com,Grapevine Garage Door Pros,Grapevine,TX,#118AB2,
919,apexgaragedoorco.com,Apex Garage Door Co,Apex,NC,#386641,
920,mansfieldgaragedoorco.com,Mansfield Garage Door Pros,Mansfield,TX,#3B82F6,
921,germantowngaragedoorpros.com,Germantown Garage Door Pros,Germantown,MD,#0EA5E9,
922,lilburngaragedoorpros.com,Lilburn Garage Door Pros,Lilburn,GA,#0284C7,
923,fountainvalleygaragedoorpros.com,Fountain Valley Garage Door Pros,Fountain Valley,CA,#0A9396,
924,indiogaragedoorpros.com,Indio Garage Door Pros,Indio,CA,#007F5F,
925,sanbernardinogaragedoorpros.com,San Bernardino Garage Door Pros,San Bernardino,CA,#DB2777,
926,palmharborgaragedoorpros.com,Palm Harbor Garage Door Pros,Palm Harbor,FL,#16A34A,
927,benbrookgaragedoorpros.com,Benbrook Garage Door Pros,Benbrook,TX,#386641,
928,athensgaragedoorco.com,Athens Garage Door Pros,Athens,AL,#588157,
929,turlockgaragedoorpros.com,Turlock Garage Door Pros,Turlock,CA,#EC4899,
930,fairfieldgaragedoorco.com,Fairfield Garage Door Pros,Fairfield,CT,#4CC9F0,
931,priorlakegaragedoorpros.com,Prior Lake Garage Door Pros,Prior Lake,MN,#5A189A,
932,princetongaragedoorco.com,Princeton Garage Door Co,Princeton,NJ,#0A9396,
933,happyvalleygaragedoorpros.com,Happy Valley Garage Door Pros,Happy Valley,OR,#007F5F,
934,bartlettgaragedoorpros.com,Bartlett Garage Door Pros,Bartlett,TN,#1565C0,
935,yukongaragedoorco.com,Yukon Garage Door Co,Yukon,OK,#00897B,
936,columbiadoorpros.com,Columbia Garage Door Pros,Columbia,TN,#0F172A,
937,lakewaygaragedoorpros.com,Lakeway Garage Door Pros,Lakeway,TX,#0EA5E9,
938,beloitgaragedoorpros.com,Beloit Garage Door Pros,Beloit,WI,#0284C7,
939,councilbluffsgaragedoorpros.com,Council Bluffs Garage Door Pros,Council Bluffs,IA,#06B6D4,
940,owensborogaragedoorpros.com,Owensboro Garage Door Pros,Owensboro,KY,#0891B2,
941,saratogaspringsgaragedoorpros.com,Saratoga Springs Garage Door Pros,Saratoga Springs,NY,#14B8A6,
942,hanovergaragedoorpros.com,Hanover Garage Door Pros,Hanover,PA,#0D9488,
943,boernegaragedoorpros.com,Boerne Garage Door Pros,Boerne,TX,#C026D3,
944,santeegaragedoorpros.com,Santee Garage Door Pros,Santee,CA,#D946EF,
945,elkgrovevillagegaragedoorpros.com,Elk Grove Village Garage Door Pros,Elk Grove Village,IL,#16A34A,
946,sunnyvalegaragedoorpros.com,Sunnyvale Garage Door Pros,Sunnyvale,CA,#7C3AED,
947,malibugaragedoorpros.com,Malibu Garage Door Pros,Malibu,CA,#8B5CF6,
948,pasadenagaragedoorco.com,Pasadena Garage Door Pros,Pasadena,TX,#6366F1,
949,milfordgaragedoorpros.com,Milford Garage Door Pros,Milford,CT,#15803D,
950,needhamgaragedoorpros.com,Needham Garage Door Pros,Needham,MA,#22C55E,
951,denhamspringsgaragedoorpros.com,Denham Springs Garage Door Pros,Denham Springs,LA,#65A30D,
952,grandhavengaragedoorpros.com,Grand Haven Garage Door Pros,Grand Haven,MI,#CA8A04,
953,quincygaragedoorpros.com,Quincy Garage Door Pros,Quincy,IL,#F59E0B,
954,biglakegaragedoorpros.com,Big Lake Garage Door Pros,Big Lake,MN,#D97706,
955,lexingtondoorpros.com,Lexington Garage Door Pros,Lexington,NC,#EA580C,
956,metairiegaragedoorpros.com,Metairie Garage Door Pros,Metairie,LA,#F97316,
957,evansgaragedoorpros.com,Evans Garage Door Pros,Evans,GA,#E11D48,
958,chapelhillgaragedoorpros.com,Chapel Hill Garage Door Pros,Chapel Hill,NC,#F43F5E,
959,greergaragedoorpros.com,Greer Garage Door Pros,Greer,SC,#DB2777,
960,lancasterdoorpros.com,Lancaster Garage Door Pros,Lancaster,OH,#EC4899,
961,tualatingaragedoorpros.com,Tualatin Garage Door Pros,Tualatin,OR,#C026D3,
962,johnstowngaragedoorpros.com,Johnstown Garage Door Pros,Johnstown,PA,#D946EF,
963,grovecitygaragedoorpros.com,Grove City Garage Door Pros,Grove City,OH,#9333EA,
964,uticagaragedoorpros.com,Utica Garage Door Pros,Utica,NY,#7C3AED,
965,enidgaragedoorpros.com,Enid Garage Door Pros,Enid,OK,#8B5CF6,
966,chambersburggaragedoorpros.com,Chambersburg Garage Door Pros,Chambersburg,PA,#6366F1,
967,carlislegaragedoorpros.com,Carlisle Garage Door Pros,Carlisle,PA,#4F46E5,
968,butlergaragedoorpros.com,Butler Garage Door Pros,Butler,PA,#4338CA,
969,simpsonvillegaragedoorpros.com,Simpsonville Garage Door Pros,Simpsonville,SC,#312E81,
970,ogdengaragedoorpros.com,Ogden Garage Door Pros,Ogden,UT,#1E40AF,
971,moseslakegaragedoorpros.com,Moses Lake Garage Door Pros,Moses Lake,WA,#0F766E,
972,glenallengaragedoorpros.com,Glen Allen Garage Door Pros,Glen Allen,VA,#115E59,
973,edinburggaragedoorpros.com,Edinburg Garage Door Pros,Edinburg,TX,#14532D,
974,ballwingaragedoorpros.com,Ballwin Garage Door Pros,Ballwin,MO,#166534,
975,pickeringtongaragedoorpros.com,Pickerington Garage Door Pros,Pickerington,OH,#365314,
976,sandygaragedoorpros.com,Sandy Garage Door Pros,Sandy,UT,#3F6212,
977,menomoneefallsgaragedoorpros.com,Menomonee Falls Garage Door Pros,Menomonee Falls,WI,#854D0E,
978,twinsburggaragedoorpros.com,Twinsburg Garage Door Pros,Twinsburg,OH,#92400E,
979,newberlingaragedoorpros.com,New Berlin Garage Door Pros,New Berlin,WI,#78350F,
980,macombgaragedoorpros.com,Macomb Garage Door Pros,Macomb,IL,#881337,
981,greenvalleygaragedoorpros.com,Green Valley Garage Door Pros,Green Valley,AZ,#4C1D95,
982,eldoradohillsgaragedoorpros.com,El Dorado Hills Garage Door Pros,El Dorado Hills,CA,#475569,
983,glastonburygaragedoorpros.com,Glastonbury Garage Door Pros,Glastonbury,CT,#3730A3,
984,westdesmoinesgaragedoorpros.com,West Des Moines Garage Door Pros,West Des Moines,IA,#1E293B,
985,westlandgaragedoorpros.com,Westland Garage Door Pros,Westland,MI,#334155,
986,londonderrygaragedoorpros.com,Londonderry Garage Door Pros,Londonderry,NH,#475569,
987,trentongaragedoorpros.com,Trenton Garage Door Pros,Trenton,NJ,#64748B,
988,alamedagaragedoorpros.com,Alameda Garage Door Pros,Alameda,CA,#009B77,
989,miltongaragedoorpros.com,Milton Garage Door Pros,Milton,GA,#00A6FB,
990,ontariogaragedoorpros.com,Ontario Garage Door Pros,Ontario,CA,#F72585,
991,eastpointgaragedoorpros.com,East Point Garage Door Pros,East Point,GA,#00C2A8,
992,fuquayvarinagaragedoorpros.com,Fuquay-Varina Garage Door Pros,Fuquay-Varina,NC,#009B77,
993,uplandgaragedoorpros.com,Upland Garage Door Pros,Upland,CA,#E76F51,
994,rollingmeadowsgaragedoorpros.com,Rolling Meadows Garage Door Pros,Rolling Meadows,IL,#2E8B57,
995,wataugagaragedoorpros.com,Watauga Garage Door Pros,Watauga,TX,#FF6B35,
996,southhoustongaragedoorpros.com,South Houston Garage Door Pros,South Houston,TX,#FB8500,
997,agourahillsgaragedoorpros.com,Agoura Hills Garage Door Pros,Agoura Hills,CA,#F4A261,
998,huttogaragedoorpros.com,Hutto Garage Door Pros,Hutto,TX,#4F46E5,
999,colleyvillegaragedoorpros.com,Colleyville Garage Door Pros,Colleyville,TX,#1E3A8A,
1000,azusagaragedoorpros.com,Azusa Garage Door Pros,Azusa,CA,#14532D,